frame,ID,left_xmin,left_ymin,left_xmax,left_ymax,distance_cm
0,0,602,216,669,268,72.96
0,1,779,202,839,252,69.32
0,2,1249,170,1311,218,74.79
0,3,961,183,1018,230,71.71
0,4,840,168,901,212,77.28
0,5,1051,180,1116,231,72.41
0,6,643,152,698,199,85.23
0,7,939,88,973,136,101.16
0,8,1160,152,1214,207,77.41
0,9,991,113,1037,158,89.59
0,10,1240,122,1291,165,85.36
0,11,799,132,841,181,85.43
0,12,863,107,910,144,96.38
0,13,717,157,775,205,80.77
0,14,797,99,845,140,100.83
0,15,884,133,920,178,83.5
0,16,699,125,752,170,90.02
0,17,716,108,761,143,102.35
0,18,643,109,690,151,99.68
0,19,1084,83,1142,127,99.62
1,0,602,217,669,269,72.16
1,1,781,202,839,252,69.61
1,2,961,182,1019,231,71.52
1,3,1249,171,1312,218,74.49
1,4,1052,180,1116,232,71.78
1,5,644,152,698,199,85.23
1,6,840,168,900,213,77.12
1,7,1161,152,1214,207,78.52
1,9,938,92,974,137,99.41
1,10,800,132,841,181,85.8
1,11,717,158,774,206,80.47
1,12,992,115,1038,158,89.0
1,13,864,107,909,144,96.72
1,14,797,100,845,140,99.85
1,15,883,134,920,179,83.7
1,16,699,125,752,171,88.61
1,17,718,107,761,144,101.68
1,18,642,109,691,152,100.63
1,19,1084,83,1142,126,99.4
2,0,602,217,670,270,72.25
2,1,780,202,839,252,69.78
2,2,1249,169,1312,218,75.07
2,3,960,182,1019,230,71.59
2,4,840,168,901,213,77.15
2,5,1052,179,1116,232,71.96
2,6,644,152,698,199,85.32
2,7,939,92,974,136,99.25
2,8,1160,152,1215,207,79.12
2,9,1238,122,1291,167,85.3
2,10,800,132,841,180,85.69
2,11,991,114,1038,158,89.1
2,12,717,157,774,205,80.9
2,13,864,107,910,144,97.86
2,14,883,133,921,179,83.01
2,15,797,100,845,140,100.14
2,16,699,125,752,170,89.1
2,17,718,108,760,144,99.11
2,18,643,110,691,151,100.79
2,19,1084,83,1142,127,99.35
3,0,602,217,669,269,72.51
3,1,780,202,839,251,70.08
3,2,1250,170,1313,218,74.68
3,3,960,183,1019,230,71.89
3,4,840,168,900,212,77.24
3,5,1053,179,1116,230,74.66
3,6,644,151,698,199,85.35
3,7,1160,152,1215,207,80.29
3,8,939,92,974,136,99.52
3,9,801,132,841,181,85.88
3,10,1240,122,1291,166,85.57
3,11,991,114,1038,158,89.06
3,12,718,156,774,205,80.93
3,13,864,107,910,144,94.68
3,14,884,133,921,179,84.09
3,15,700,125,752,170,88.88
3,16,643,110,691,152,99.71
3,17,797,99,845,140,100.4
3,18,718,108,760,144,102.81
3,19,1085,82,1143,127,99.13
4,0,601,216,670,268,72.9
4,1,780,201,839,251,69.35
4,2,1250,170,1311,217,74.76
4,3,840,167,901,212,77.27
4,4,960,182,1019,230,71.95
4,5,1049,179,1117,231,71.94
4,6,643,151,698,199,85.25
4,7,1159,153,1215,206,77.99
4,8,990,112,1038,158,89.93
4,9,938,89,974,136,100.76
4,10,799,132,841,180,85.81
4,11,1239,123,1290,165,85.02
4,12,717,155,776,204,81.09
4,13,863,107,910,144,95.87
4,14,796,99,845,140,99.81
4,15,642,109,692,151,99.33
4,16,699,125,752,171,88.75
4,17,884,132,921,178,83.66
4,18,717,108,761,143,102.88
4,19,1084,82,1143,126,99.76
5,0,601,216,669,268,72.57
5,1,779,199,840,251,70.28
5,2,961,182,1019,230,72.32
5,3,1249,170,1313,218,74.61
5,4,840,167,901,211,77.54
5,5,1051,179,1116,230,72.23
5,6,644,151,698,199,85.11
5,7,1160,152,1214,206,77.78
5,8,991,113,1037,158,90.0
5,9,939,89,974,135,100.26
5,11,799,132,841,180,85.65
5,12,717,156,776,204,80.72
5,13,863,107,909,144,96.27
5,14,797,98,846,139,100.18
5,15,716,107,760,143,100.39
5,16,700,125,751,170,88.31
5,17,884,132,921,178,83.7
5,18,643,109,691,151,98.98
5,19,1085,82,1144,126,99.2
6,0,780,201,839,251,69.38
6,1,602,216,669,269,72.43
6,2,1249,170,1313,218,74.54
6,3,1052,179,1116,231,72.38
6,4,961,182,1019,229,72.01
6,5,840,168,900,212,77.26
6,6,644,151,698,199,84.99
6,7,1160,152,1214,207,78.79
6,8,939,91,974,136,101.08
6,9,1239,123,1291,166,84.91
6,10,800,132,841,181,85.65
6,11,717,156,775,205,81.01
6,12,991,113,1038,157,89.68
6,13,864,107,909,144,98.0
6,14,797,99,845,139,100.52
6,15,884,133,921,179,83.08
6,16,699,125,752,171,89.75
6,17,643,109,691,151,100.69
6,18,717,108,761,144,102.29
6,19,1085,82,1143,127,98.44
7,0,602,217,671,269,72.79
7,1,780,202,839,252,69.52
7,2,1249,171,1313,218,74.46
7,3,840,168,901,213,77.08
7,4,961,182,1019,230,71.73
7,5,1054,179,1116,232,71.53
7,6,644,151,698,199,85.17
7,7,1159,152,1215,206,79.15
7,8,939,92,974,136,99.74
7,9,1239,123,1291,167,85.23
7,10,800,132,841,181,85.54
7,11,992,114,1038,158,89.8
7,12,717,157,775,206,80.77
7,13,865,107,910,144,97.31
7,14,884,134,921,179,82.9
7,15,699,126,752,170,88.38
7,16,798,100,845,140,98.76
7,17,642,110,692,152,101.28
7,18,717,108,761,145,99.43
8,0,602,217,670,269,72.77
8,1,781,202,839,251,69.19
8,2,1249,171,1314,218,74.57
8,3,840,168,900,212,77.49
8,4,961,182,1019,230,72.3
8,5,1053,180,1116,231,73.78
8,6,644,151,698,199,85.27
8,7,1159,152,1215,207,79.22
8,8,939,92,974,136,99.44
8,9,1239,122,1291,167,85.27
8,10,800,132,841,181,85.72
8,11,717,157,775,205,80.94
8,12,864,107,910,144,97.54
8,13,992,114,1039,157,89.76
8,14,884,134,921,179,83.3
8,15,797,99,845,140,99.98
8,16,699,126,751,170,88.33
8,17,716,107,761,144,100.72
8,18,643,110,691,152,99.25
8,19,1083,83,1143,127,98.29
9,0,601,216,669,268,72.67
9,1,1250,170,1312,217,74.76
9,2,779,199,840,251,69.97
9,3,962,181,1020,229,72.21
9,4,644,151,698,199,84.96
9,5,840,167,901,211,77.28
9,6,1050,179,1116,229,71.63
9,7,1160,152,1214,206,77.73
9,8,938,88,974,136,98.98
9,9,1239,122,1291,165,84.74
9,10,799,131,841,180,85.87
9,11,990,111,1038,158,90.44
9,12,716,155,776,204,80.95
9,13,863,106,910,143,94.61
9,14,797,98,846,139,99.48
9,15,700,125,752,170,87.63
9,16,884,132,920,178,83.45
9,17,643,109,692,150,97.89
9,18,718,107,760,143,97.97
9,19,1085,81,1144,126,99.97
10,0,601,216,670,268,73.12
10,1,1249,170,1309,217,74.81
10,2,778,199,839,251,69.84
10,3,960,180,1018,229,72.7
10,4,1049,179,1116,229,72.67
10,5,643,151,698,198,85.06
10,6,839,167,901,211,77.17
10,7,1160,151,1215,206,77.97
10,8,939,88,974,136,100.43
10,9,990,111,1037,157,90.45
10,10,1238,122,1289,165,84.12
10,11,798,131,841,179,86.04
10,12,717,155,775,204,80.83
10,13,797,98,845,139,100.2
10,14,862,106,909,143,95.15
10,15,700,125,751,170,87.89
10,16,715,106,759,142,99.2
10,17,883,132,919,178,83.02
10,18,640,107,691,151,99.85
10,19,1086,81,1141,126,98.98
11,0,601,217,669,269,72.55
11,1,779,202,838,252,69.51
11,2,960,182,1018,230,71.77
11,3,1248,171,1312,218,74.33
11,4,840,168,901,213,77.05
11,5,643,151,698,199,85.31
11,6,1050,180,1116,231,72.28
11,7,938,90,974,136,99.92
11,8,1160,152,1215,207,78.31
11,9,1237,123,1291,165,84.49
11,10,991,113,1037,158,89.8
11,11,798,132,842,181,85.2
11,12,717,156,775,205,80.95
11,13,863,107,911,144,97.85
11,14,797,99,845,140,99.81
11,15,883,133,921,179,83.16
11,16,699,125,753,170,89.15
11,17,714,107,760,143,103.72
11,18,642,110,691,151,100.17
11,19,1083,82,1142,127,99.88
12,0,602,217,671,268,72.53
12,1,961,182,1018,231,71.62
12,2,780,203,839,252,69.38
12,3,1249,170,1313,218,75.03
12,4,1053,180,1116,231,72.26
12,5,839,168,901,213,77.26
12,6,938,92,974,137,99.38
12,7,643,152,698,199,85.31
12,8,1159,152,1214,207,78.7
12,10,800,132,841,181,84.71
12,11,717,158,775,206,80.5
12,12,865,107,910,144,97.1
12,13,883,134,921,179,83.04
12,14,797,100,845,141,99.75
12,15,992,113,1038,158,90.05
12,16,699,126,751,171,88.11
12,17,721,107,761,144,98.83
12,18,643,111,691,152,100.7
12,19,1083,83,1142,127,99.11
13,0,602,215,670,268,72.76
13,1,779,198,839,250,70.33
13,2,1249,170,1313,217,74.29
13,3,1050,178,1116,229,72.21
13,4,839,166,901,211,77.72
13,5,961,181,1020,229,72.29
13,6,1160,152,1215,206,77.25
13,7,643,150,699,198,84.69
13,8,1239,121,1292,165,84.9
13,9,939,88,974,136,99.46
13,10,799,131,841,180,85.36
13,11,990,111,1038,157,90.26
13,12,716,155,776,204,80.86
13,13,862,106,910,143,94.75
13,14,797,97,846,139,100.28
13,15,640,107,692,150,99.47
13,16,699,124,752,170,87.86
13,17,884,131,920,178,83.32
13,18,718,106,761,143,98.08
13,19,1085,82,1144,126,99.69
14,0,601,214,670,268,72.89
14,1,779,198,839,250,70.36
14,2,1249,169,1311,216,75.14
14,3,961,181,1019,228,72.3
14,4,840,165,899,211,77.49
14,5,643,150,699,199,84.64
14,6,1052,178,1116,229,72.17
14,7,1161,151,1215,205,78.14
14,8,991,110,1038,157,90.58
14,9,939,88,974,136,100.11
14,10,1239,123,1291,164,84.4
14,11,799,131,841,179,85.94
14,12,717,155,776,204,80.89
14,13,641,108,692,151,97.98
14,14,863,105,910,143,94.48
14,15,797,97,846,139,100.61
14,16,700,125,752,170,87.41
14,17,885,131,919,178,83.15
14,18,714,105,761,142,100.66
14,19,1085,81,1143,125,100.57
15,0,601,217,670,269,72.45
15,1,780,201,839,252,69.35
15,2,960,182,1019,230,72.01
15,3,1053,180,1116,232,72.23
15,4,644,151,698,200,85.2
15,5,840,169,901,213,76.88
15,6,939,92,974,137,99.52
15,7,1161,152,1214,207,78.69
15,8,1238,123,1290,167,84.63
15,9,1249,171,1311,218,74.62
15,10,800,132,841,181,85.3
15,11,717,157,775,206,80.69
15,12,864,107,910,144,97.42
15,13,883,133,921,178,82.57
15,14,797,100,845,140,100.13
15,15,992,113,1038,157,89.23
15,16,700,126,752,170,88.02
15,17,717,108,760,144,100.74
15,18,643,110,691,152,98.73
15,19,1085,83,1142,127,98.55
16,0,602,217,671,269,72.48
16,1,780,203,838,253,69.13
16,2,961,183,1018,231,71.72
16,3,1249,171,1312,218,74.58
16,4,1054,181,1115,231,71.83
16,5,840,168,900,213,77.24
16,6,938,93,974,137,97.88
16,7,1159,153,1214,207,78.4
16,8,800,132,841,182,85.34
16,9,1237,124,1289,168,84.34
16,10,643,152,698,200,85.08
16,11,991,115,1038,158,89.34
16,12,718,158,775,206,80.54
16,13,864,108,910,144,96.32
16,14,715,107,761,144,100.98
16,15,798,100,845,141,100.0
16,16,883,134,921,179,82.83
16,17,698,127,751,171,88.15
16,18,642,110,691,152,101.05
16,19,1085,83,1142,126,98.8
17,0,602,216,669,268,72.75
17,1,780,200,839,251,69.6
17,2,960,182,1019,230,72.06
17,3,840,168,900,212,77.37
17,4,1053,179,1116,231,72.26
17,5,1250,169,1312,218,74.92
17,6,939,91,973,136,100.03
17,7,644,151,699,199,85.36
17,8,1160,151,1214,206,78.86
17,9,1239,122,1291,166,84.35
17,10,799,132,841,180,85.74
17,11,718,156,775,205,80.96
17,12,992,113,1038,157,89.78
17,13,863,107,910,144,96.3
17,14,797,99,845,140,99.59
17,15,699,126,751,170,88.21
17,16,884,133,920,178,83.36
17,17,716,107,760,143,97.5
17,18,1084,82,1143,127,99.33
17,19,643,110,691,151,98.56
18,0,601,214,670,267,72.96
18,1,779,197,839,250,70.76
18,2,1249,169,1311,216,74.68
18,3,1053,177,1115,228,72.87
18,4,961,180,1019,228,72.05
18,5,643,150,699,199,84.62
18,6,840,165,900,210,77.62
18,7,1160,151,1214,206,78.75
18,8,939,87,973,136,99.76
18,9,1239,122,1290,165,84.69
18,10,992,110,1039,156,90.9
18,11,799,131,841,179,85.51
18,12,640,107,693,150,98.24
18,13,717,155,776,204,80.78
18,14,863,105,910,143,94.59
18,15,797,98,846,138,99.16
18,16,699,125,752,170,87.2
18,17,884,131,919,177,83.21
18,18,712,105,760,141,102.36
18,19,1085,81,1143,126,99.26
19,0,601,217,670,268,72.58
19,1,779,201,839,252,68.85
19,2,1249,171,1312,218,74.49
19,3,961,183,1019,230,71.52
19,4,840,167,900,212,77.39
19,5,1052,179,1116,231,72.37
19,6,644,151,698,198,85.49
19,7,939,90,974,135,100.8
19,8,1159,151,1215,207,77.67
19,9,1239,121,1293,166,85.39
19,10,799,132,841,181,85.61
19,11,992,113,1037,158,89.94
19,12,863,107,910,144,95.81
19,13,718,156,775,205,80.88
19,14,797,99,846,140,100.36
19,15,699,126,752,170,87.9
19,16,716,108,761,143,96.58
19,17,883,133,921,178,83.77
19,18,643,109,691,151,97.19
19,19,1084,82,1143,127,99.47
20,0,602,217,671,269,72.52
20,1,780,202,839,252,69.74
20,2,960,182,1018,231,71.77
20,3,1053,179,1116,232,71.47
20,4,1249,172,1313,218,74.44
20,5,840,168,900,213,77.23
20,6,1160,152,1214,206,78.52
20,7,644,152,698,200,85.19
20,8,939,92,974,136,99.53
20,9,1238,124,1289,168,84.02
20,10,800,132,841,181,84.91
20,11,718,157,775,206,80.7
20,12,863,108,910,144,97.17
20,13,992,115,1037,158,88.85
20,14,883,134,921,179,83.21
20,15,797,101,845,141,99.4
20,16,699,126,752,171,88.76
20,17,717,108,760,144,99.74
20,18,642,111,691,152,98.82
20,19,1084,82,1142,127,99.64
21,0,780,202,839,252,69.25
21,1,601,217,669,269,72.64
21,2,1249,171,1312,217,74.57
21,3,961,182,1019,230,71.79
21,4,1052,179,1116,232,71.85
21,5,840,168,901,213,77.03
21,6,1159,151,1214,207,78.81
21,7,939,91,974,136,99.28
21,8,644,151,698,199,85.57
21,9,1239,121,1293,167,84.96
21,10,800,132,841,181,84.39
21,11,992,113,1039,158,89.6
21,12,864,107,910,144,96.71
21,13,717,157,774,206,80.58
21,14,884,134,921,179,82.98
21,15,797,100,845,140,100.64
21,16,699,126,751,171,88.46
21,17,716,108,760,144,99.71
21,18,643,110,692,151,99.32
22,0,602,216,669,268,72.65
22,1,780,200,840,251,69.56
22,2,1250,170,1311,217,74.98
22,3,961,181,1019,230,71.95
22,4,840,167,901,212,77.3
22,5,1052,179,1116,230,71.78
22,6,1160,151,1215,206,77.91
22,7,644,150,699,198,85.24
22,8,939,89,974,135,99.64
22,9,1240,123,1289,166,84.71
22,10,799,132,841,180,85.67
22,11,992,112,1038,157,90.77
22,12,716,155,776,205,80.78
22,13,863,106,909,144,96.18
22,14,797,98,846,139,100.36
22,15,717,107,761,144,100.93
22,16,642,108,692,150,99.77
22,17,883,132,921,178,83.28
22,18,700,125,751,170,88.08
22,19,1084,81,1145,126,99.92
23,0,602,216,670,268,72.62
23,1,779,199,840,251,69.84
23,2,1249,169,1313,217,74.99
23,3,961,182,1019,230,72.06
23,4,840,167,900,211,77.38
23,5,1052,179,1116,230,71.66
23,6,644,151,698,198,84.86
23,7,1159,149,1215,206,78.03
23,8,1239,122,1290,166,84.54
23,9,939,89,974,135,99.99
23,10,991,112,1037,157,90.18
23,11,799,131,841,179,85.36
23,12,717,156,776,205,80.47
23,13,864,106,910,144,96.59
23,14,797,98,846,140,99.05
23,15,700,124,751,170,87.91
23,16,718,107,761,143,102.96
23,17,884,132,921,178,83.65
23,18,643,108,691,150,99.14
23,19,1084,82,1143,126,99.63
24,0,602,217,669,269,72.6
24,1,1249,170,1312,218,74.53
24,2,780,202,840,252,69.12
24,3,961,183,1019,231,71.8
24,4,1053,179,1115,231,71.83
24,5,840,168,901,213,77.21
24,6,644,151,698,199,85.34
24,7,1159,151,1215,207,78.39
24,8,938,92,974,136,100.17
24,9,1238,123,1290,167,85.08
24,10,799,132,841,181,84.71
24,11,717,157,774,205,80.49
24,12,863,108,911,144,96.77
24,13,991,114,1038,158,89.21
24,14,797,99,845,140,101.15
24,15,715,107,760,143,100.62
24,16,699,126,752,170,87.79
24,17,884,133,921,179,82.62
24,18,640,108,691,152,99.41
25,0,601,217,670,268,72.94
25,1,781,202,838,251,69.6
25,2,961,183,1018,230,71.46
25,3,1054,179,1115,232,72.16
25,4,840,168,900,212,77.15
25,5,1248,172,1313,218,74.3
25,6,1160,152,1215,207,78.89
25,7,939,91,973,136,100.24
25,8,644,152,698,199,84.98
25,10,801,132,841,181,85.28
25,11,717,157,774,205,80.71
25,12,864,108,910,144,96.33
25,13,884,133,920,179,83.07
25,14,699,126,751,171,87.83
25,15,715,107,760,143,100.07
25,16,797,100,845,140,100.79
25,17,991,114,1038,157,89.43
25,18,643,109,691,152,101.22
25,19,1085,83,1142,126,98.45
26,0,601,214,669,267,73.23
26,1,1249,170,1311,217,74.36
26,2,779,198,840,250,70.81
26,3,960,180,1020,228,72.63
26,4,1052,178,1116,230,71.83
26,5,839,166,900,211,77.76
26,6,643,150,699,199,84.41
26,7,1160,150,1215,207,78.25
26,8,1239,122,1289,165,84.82
26,9,940,88,974,136,100.97
26,10,799,131,842,179,85.79
26,11,991,110,1039,156,91.21
26,12,716,154,776,204,80.9
26,13,640,107,693,150,99.77
26,14,863,106,909,143,93.97
26,15,797,98,846,138,100.78
26,16,884,130,919,177,83.34
26,17,699,124,753,170,87.38
26,18,715,106,761,142,102.59
26,19,1086,82,1142,126,98.73
27,0,601,214,671,267,73.17
27,1,1248,169,1311,216,74.58
27,2,778,198,839,250,70.34
27,3,1052,177,1116,229,72.1
27,4,840,165,900,211,77.62
27,5,960,181,1019,228,72.28
27,6,1159,149,1215,206,78.55
27,7,642,150,699,199,84.82
27,8,1240,122,1289,164,85.07
27,9,939,88,974,136,97.88
27,10,799,131,841,179,85.77
27,11,717,155,776,204,80.74
27,12,991,112,1038,156,89.91
27,13,639,107,693,150,99.37
27,14,863,105,910,143,93.97
27,15,796,97,846,138,99.62
27,16,698,126,753,170,88.25
27,17,884,131,920,177,84.31
27,18,712,106,760,142,99.97
27,19,1086,82,1141,125,99.74
28,0,601,217,669,268,72.21
28,1,780,200,839,252,69.29
28,2,1249,170,1312,218,74.71
28,3,960,182,1019,230,71.74
28,4,840,167,901,212,77.36
28,5,1051,179,1116,231,71.82
28,6,1161,151,1215,207,77.92
28,7,644,151,699,199,84.75
28,8,1239,122,1290,167,84.96
28,9,939,90,974,135,100.62
28,10,991,113,1038,158,89.82
28,11,799,132,841,180,85.67
28,12,717,156,775,205,80.52
28,13,798,99,845,139,99.95
28,14,863,107,909,144,94.11
28,15,884,132,921,178,83.9
28,16,699,125,751,170,87.94
28,17,717,107,761,143,100.41
28,18,641,108,691,151,99.11
28,19,1084,83,1143,127,98.81
29,0,602,217,670,269,72.27
29,1,780,201,838,252,69.7
29,2,961,182,1018,231,71.7
29,3,840,168,900,212,77.14
29,4,1053,180,1116,232,71.13
29,5,1249,170,1312,218,74.54
29,6,1159,151,1214,207,78.31
29,7,643,152,698,199,84.85
29,8,938,92,973,136,101.16
29,9,1239,123,1289,168,84.88
29,10,800,132,841,181,85.25
29,11,991,115,1038,157,89.24
29,12,717,157,774,205,80.77
29,13,864,108,909,144,95.92
29,14,883,134,920,179,83.21
29,15,699,127,752,171,87.79
29,16,798,100,844,140,100.11
29,17,643,110,691,152,101.63
29,18,716,108,760,143,101.77
29,19,1084,83,1143,127,98.46
30,0,601,215,671,268,73.0
30,1,778,198,840,251,70.88
30,2,1249,169,1310,217,74.4
30,3,643,151,699,199,84.92
30,4,839,166,901,211,77.43
30,5,960,181,1020,229,71.75
30,6,1051,178,1117,230,71.46
30,7,1160,150,1214,206,78.18
30,8,991,111,1037,158,90.57
30,9,939,88,974,136,99.89
30,10,1239,121,1292,166,85.13
30,11,799,131,841,180,85.45
30,12,716,155,777,204,80.5
30,13,641,107,692,151,98.5
30,14,863,106,909,144,93.9
30,15,797,98,846,139,100.95
30,16,700,125,751,171,87.85
30,17,884,131,919,178,83.16
30,18,719,107,760,143,95.85
30,19,1085,82,1144,126,98.8
31,0,601,215,670,268,72.52
31,1,1249,170,1311,216,74.67
31,2,779,197,839,250,70.35
31,3,1053,178,1116,229,72.09
31,4,961,180,1019,228,72.18
31,5,643,150,699,198,84.77
31,6,839,165,901,211,77.46
31,7,1160,149,1216,205,78.33
31,8,1240,121,1290,164,85.12
31,9,940,88,974,135,100.72
31,10,640,106,693,150,98.17
31,11,799,131,841,179,85.54
31,12,716,155,776,204,81.0
31,13,992,112,1038,156,90.14
31,14,863,105,910,143,93.45
31,15,797,97,846,138,99.4
31,16,698,125,752,169,88.18
31,17,884,130,919,177,83.32
31,18,716,106,760,141,100.77
31,19,1087,82,1143,126,98.94
32,0,601,215,670,268,73.1
32,1,779,198,839,250,71.07
32,2,1249,170,1310,216,75.03
32,3,961,181,1020,229,72.02
32,4,1052,178,1116,230,71.27
32,5,643,151,699,198,84.86
32,6,840,166,901,211,77.26
32,7,1240,121,1291,165,85.04
32,8,1159,149,1215,206,78.19
32,9,991,111,1038,156,90.85
32,10,939,88,974,136,99.48
32,11,799,131,841,179,85.51
32,12,716,155,776,204,80.5
32,13,863,106,910,143,91.59
32,14,641,107,692,150,98.19
32,15,797,98,846,139,99.35
32,16,699,125,752,170,87.66
32,17,717,106,760,142,99.52
32,18,884,131,919,178,83.03
32,19,1085,82,1144,127,99.16
33,0,602,216,669,268,72.47
33,1,779,200,839,251,69.51
33,2,961,182,1019,230,71.73
33,3,1249,170,1311,219,74.47
33,4,841,167,901,212,77.33
33,5,1052,179,1117,230,71.79
33,6,643,151,698,198,85.5
33,7,1160,151,1215,207,77.97
33,8,939,89,974,135,101.36
33,9,799,132,840,180,85.25
33,10,1239,121,1292,167,85.17
33,11,991,112,1038,157,89.61
33,12,718,156,775,204,80.84
33,13,863,106,909,144,94.65
33,14,717,106,760,143,98.45
33,15,797,99,845,139,100.37
33,16,700,125,751,170,88.07
33,17,884,132,920,178,83.06
33,18,643,108,692,151,98.41
33,19,1085,82,1144,126,98.75
34,0,601,213,671,266,72.87
34,1,1054,176,1115,227,71.75
34,2,780,197,839,250,70.74
34,3,1249,169,1312,216,74.17
34,4,962,180,1019,228,71.69
34,5,1160,149,1215,204,78.1
34,6,840,164,900,210,77.86
34,7,642,150,698,197,85.07
34,8,993,111,1038,155,90.07
34,9,940,88,973,135,98.27
34,10,1239,121,1291,164,84.78
34,11,799,130,841,178,85.1
34,12,640,106,692,148,99.02
34,13,716,155,776,202,81.2
34,14,863,104,910,143,94.35
34,15,797,97,846,138,100.15
34,16,884,130,920,176,83.53
34,17,698,124,752,168,87.98
34,18,714,105,760,140,104.16
34,19,1085,81,1144,125,99.85
35,0,601,213,670,265,72.32
35,1,780,198,840,249,70.29
35,2,1052,174,1116,227,72.99
35,3,962,179,1019,226,72.03
35,4,1250,168,1312,215,74.38
35,5,1161,149,1215,204,77.9
35,6,643,149,697,196,85.88
35,7,840,164,900,209,77.13
35,8,992,110,1038,156,89.58
35,9,939,87,973,134,95.63
35,10,717,154,776,202,80.78
35,11,799,128,841,178,85.08
35,12,883,128,919,174,83.88
35,13,1240,119,1289,162,85.22
35,14,863,104,909,142,92.31
35,15,698,123,752,166,87.71
35,16,795,95,846,137,100.28
35,17,640,105,692,148,99.2
35,18,714,104,759,139,100.17
35,19,1084,79,1145,122,99.71
36,0,601,215,671,267,72.59
36,1,778,197,840,250,70.42
36,2,1249,170,1311,216,73.92
36,3,961,180,1019,228,72.15
36,4,1054,177,1116,228,73.37
36,5,1160,149,1215,205,78.34
36,6,643,150,700,198,84.6
36,7,839,165,901,210,77.76
36,8,1239,121,1291,165,84.63
36,9,993,111,1039,155,89.54
36,10,939,89,974,135,95.87
36,11,717,155,777,204,80.67
36,12,799,131,842,179,86.04
36,13,864,104,910,143,94.01
36,14,640,107,693,149,96.33
36,15,797,97,846,138,99.73
36,16,698,125,753,169,87.38
36,17,884,130,920,177,83.67
36,18,712,106,761,141,101.87
36,19,1086,82,1144,125,97.93
37,0,602,218,671,270,72.62
37,1,780,202,839,253,69.91
37,2,1249,172,1312,219,74.75
37,3,962,183,1019,232,72.13
37,4,840,169,901,213,77.42
37,5,1054,181,1116,232,72.35
37,6,1162,154,1214,207,78.62
37,7,1239,124,1288,169,85.19
37,8,938,92,974,139,96.2
37,9,801,133,842,182,86.33
37,10,719,158,775,208,81.03
37,11,864,110,910,145,92.37
37,12,645,155,698,200,84.91
37,13,884,134,921,181,83.67
37,14,991,118,1038,160,88.02
37,15,798,102,845,142,98.48
37,16,698,127,751,172,87.43
37,17,715,108,761,144,104.44
37,18,643,110,692,152,100.9
37,19,1087,85,1143,128,97.59
38,0,602,216,670,268,73.47
38,1,781,202,838,252,69.62
38,2,961,183,1019,231,72.37
38,3,841,168,901,213,77.28
38,4,1249,172,1313,218,74.52
38,5,1054,179,1115,230,72.7
38,6,1159,151,1215,207,78.44
38,7,1239,122,1288,169,85.49
38,8,939,93,974,137,96.67
38,9,800,132,841,181,84.84
38,10,644,151,698,199,85.43
38,11,992,113,1039,158,89.67
38,12,718,157,774,206,81.38
38,13,865,108,909,144,96.49
38,14,884,134,920,179,83.27
38,15,699,126,751,170,88.46
38,16,719,108,761,144,101.03
38,17,798,100,845,141,99.66
38,18,644,110,691,152,100.19
38,19,1083,82,1144,125,100.28
39,0,601,215,670,267,73.02
39,1,780,197,840,250,70.86
39,2,1250,169,1312,216,75.57
39,3,961,179,1020,229,72.39
39,4,840,166,901,211,77.67
39,5,1161,151,1215,206,78.09
39,6,643,151,699,198,85.22
39,7,1053,178,1116,229,71.42
39,8,1240,122,1291,166,84.45
39,9,939,88,975,136,100.64
39,10,799,131,841,179,85.89
39,11,991,112,1037,157,89.96
39,12,716,155,777,204,80.75
39,13,864,106,910,143,93.21
39,14,797,97,846,138,100.39
39,15,642,108,692,149,100.58
39,16,699,124,753,170,88.41
39,17,884,131,920,177,83.53
39,18,718,106,760,141,102.7
39,19,1086,82,1145,126,100.34
40,0,601,214,670,267,72.87
40,1,1249,169,1311,216,74.83
40,2,1053,177,1116,228,72.75
40,3,779,198,839,250,70.97
40,4,962,179,1019,227,72.78
40,5,1160,150,1215,205,78.7
40,6,642,150,699,198,84.91
40,7,840,164,901,210,78.03
40,8,992,110,1039,155,91.68
40,9,939,88,974,135,99.83
40,10,1239,120,1292,164,84.71
40,11,800,130,842,179,85.94
40,12,717,155,777,204,81.21
40,13,640,107,693,150,98.33
40,14,797,97,846,138,99.72
40,15,862,104,911,143,94.01
40,16,715,105,760,140,100.62
40,17,698,124,752,169,88.41
40,18,884,130,920,177,83.98
40,19,1085,81,1144,126,100.77
41,0,602,216,669,268,72.84
41,1,780,200,839,251,69.83
41,2,961,181,1019,230,71.91
41,3,1250,170,1314,218,74.5
41,4,840,167,901,211,77.56
41,5,1053,179,1116,230,72.6
41,6,1160,149,1215,207,79.26
41,7,643,151,699,199,85.46
41,8,939,90,973,135,98.18
41,9,1240,121,1291,166,85.03
41,10,993,113,1037,157,90.16
41,11,799,131,841,179,85.99
41,12,717,155,776,204,81.29
41,13,864,106,910,144,94.84
41,14,641,108,692,151,100.03
41,15,797,98,846,139,100.14
41,16,700,125,752,170,88.52
41,17,885,132,919,179,83.22
41,18,716,107,760,142,105.01
41,19,1085,81,1144,126,100.13
42,0,602,218,671,270,72.56
42,1,781,202,839,252,69.89
42,2,962,182,1019,231,72.34
42,3,1055,180,1115,232,72.08
42,4,1249,172,1311,219,74.55
42,5,1159,151,1214,207,78.95
42,6,840,169,901,213,76.7
42,7,644,152,700,199,85.41
42,8,1239,123,1289,167,84.49
42,9,939,93,974,137,97.88
42,10,801,132,841,181,85.5
42,11,718,158,775,207,81.0
42,12,864,108,910,144,96.87
42,13,884,134,921,180,82.84
42,14,798,100,845,141,98.91
42,15,698,125,752,171,88.54
42,16,642,110,692,152,99.49
42,17,716,108,761,144,100.6
42,18,991,115,1039,158,89.65
42,19,1085,84,1144,126,99.01
43,0,602,217,671,269,73.2
43,1,962,183,1018,232,71.57
43,2,781,203,839,252,69.58
43,3,1055,180,1115,232,72.42
43,4,1249,172,1313,219,74.58
43,5,840,169,901,213,77.11
43,6,1159,152,1214,207,79.28
43,7,644,153,699,200,85.07
43,8,1238,124,1289,169,85.0
43,9,938,92,974,138,96.34
43,10,801,133,841,181,85.25
43,11,718,158,775,207,81.07
43,12,865,108,910,144,95.78
43,13,992,115,1038,158,89.39
43,14,883,134,921,180,82.94
43,15,798,102,845,141,97.44
43,16,699,126,750,171,88.39
43,17,717,108,760,145,102.7
43,18,643,110,692,152,100.69
43,19,1085,83,1144,127,99.83
44,0,601,215,671,268,73.0
44,1,1249,170,1310,216,74.59
44,2,779,198,839,250,70.5
44,3,962,180,1020,228,72.51
44,4,1054,177,1116,228,72.01
44,5,1161,150,1215,206,77.98
44,6,840,165,900,211,77.51
44,7,643,150,699,199,84.98
44,8,993,111,1038,156,91.1
44,9,1240,121,1291,165,85.16
44,10,940,88,974,136,99.89
44,11,799,131,842,179,85.66
44,12,716,156,777,204,80.62
44,13,864,105,911,143,94.26
44,14,642,108,692,149,98.16
44,15,797,98,846,138,100.14
44,16,699,125,753,170,88.41
44,17,885,131,920,177,83.56
44,18,718,107,760,141,99.83
44,19,1085,81,1144,125,100.09
45,0,601,214,670,268,73.14
45,1,779,198,841,251,70.48
45,2,1250,169,1312,216,75.03
45,3,961,181,1020,229,72.2
45,4,840,167,901,211,77.41
45,5,1053,178,1117,230,71.31
45,6,1161,150,1215,206,78.18
45,7,643,151,700,198,85.09
45,8,939,88,974,136,100.72
45,9,1240,120,1294,165,85.19
45,10,800,131,842,180,85.05
45,11,992,110,1038,156,91.28
45,12,717,155,776,204,80.75
45,13,863,106,910,143,94.37
45,14,797,97,846,138,100.49
45,15,642,108,693,150,99.69
45,16,700,124,753,170,87.5
45,17,885,131,920,178,83.53
45,18,717,107,761,142,99.08
45,19,1084,81,1145,126,99.35
46,0,602,217,670,269,72.91
46,1,781,203,838,252,69.17
46,2,962,183,1019,230,71.71
46,3,840,168,901,212,77.09
46,4,1161,152,1215,208,78.68
46,5,1054,179,1116,231,72.58
46,6,1249,171,1313,218,74.73
46,7,644,151,699,199,85.06
46,8,940,91,974,136,99.92
46,9,1239,123,1291,168,84.67
46,10,801,132,841,181,85.37
46,11,717,157,775,205,80.37
46,12,864,106,909,144,96.63
46,13,884,133,921,179,83.44
46,14,798,99,845,140,99.45
46,15,993,113,1038,157,89.91
46,16,699,125,752,171,89.48
46,17,719,108,761,144,98.45
46,18,644,109,691,151,100.68
46,19,1084,81,1143,127,99.92
47,0,603,218,671,269,72.28
47,1,781,202,838,253,70.42
47,2,1249,171,1311,219,74.56
47,3,961,183,1019,231,71.83
47,4,841,168,901,213,77.15
47,5,1055,180,1116,232,70.92
47,6,1160,151,1214,207,79.09
47,8,938,93,974,138,98.32
47,9,801,133,841,182,85.08
47,10,719,158,775,207,80.92
47,11,645,153,699,199,85.28
47,12,865,109,910,145,94.11
47,13,884,134,921,180,83.36
47,14,993,115,1038,158,89.71
47,15,798,101,845,141,98.71
47,16,699,126,751,171,87.82
47,17,717,109,761,145,100.59
47,18,644,110,692,152,100.54
47,19,1084,84,1144,126,100.06
48,0,601,216,670,268,72.41
48,1,1249,169,1312,217,75.16
48,2,779,201,840,251,69.43
48,3,1161,150,1215,207,78.29
48,4,961,181,1020,229,72.31
48,5,1052,179,1116,230,71.02
48,6,840,167,902,211,77.32
48,7,643,151,699,199,85.31
48,8,992,111,1038,157,91.23
48,9,1239,120,1294,166,85.34
48,10,800,131,841,180,85.42
48,11,939,89,974,135,100.13
48,12,717,155,776,204,80.99
48,13,863,106,910,144,95.24
48,14,641,108,692,151,100.89
48,15,797,97,846,139,100.77
48,16,716,107,761,142,100.44
48,17,700,125,753,170,87.47
48,18,884,132,920,178,83.29
48,19,1084,82,1145,126,99.87
49,0,601,215,670,267,72.87
49,1,1249,169,1312,216,75.38
49,2,779,198,840,251,70.68
49,3,961,180,1020,229,72.04
49,4,1052,178,1116,229,71.45
49,5,840,166,900,211,77.28
49,6,1161,149,1215,206,78.16
49,7,643,151,699,198,84.83
49,8,1240,121,1292,165,84.89
49,9,940,88,974,136,98.93
49,10,992,111,1038,157,90.79
49,11,799,131,842,179,84.93
49,12,716,155,777,204,80.99
49,13,863,105,910,144,94.4
49,14,642,108,693,150,98.06
49,15,797,97,847,138,100.98
49,16,885,131,920,178,83.66
49,17,699,124,753,170,88.03
49,18,717,106,761,141,101.05
49,19,1085,81,1144,126,99.59
50,0,602,217,670,269,72.77
50,1,780,202,839,251,69.72
50,2,1055,179,1115,231,72.37
50,3,1249,170,1312,218,74.97
50,4,961,182,1019,230,72.29
50,5,840,168,901,212,77.25
50,6,1159,152,1214,206,78.53
50,7,644,151,699,199,84.81
50,8,940,92,974,137,99.59
50,9,1238,122,1291,168,84.84
50,10,801,132,842,181,85.12
50,11,718,157,775,206,80.69
50,12,865,107,909,144,98.12
50,13,884,134,921,179,82.55
50,14,716,107,761,144,101.12
50,15,699,126,751,170,87.85
50,16,992,113,1039,157,90.01
50,17,642,109,692,152,100.88
50,18,797,100,845,141,99.67
50,19,1083,82,1143,126,100.11
51,0,602,217,670,268,73.01
51,1,781,202,839,252,69.35
51,2,961,183,1019,230,72.01
51,3,1054,179,1115,232,71.31
51,4,1249,171,1311,218,74.67
51,5,840,168,901,212,77.04
51,6,1159,151,1214,207,78.32
51,7,644,151,699,199,85.67
51,8,940,92,974,137,100.16
51,9,1239,123,1290,168,85.28
51,10,800,132,841,180,85.43
51,11,718,157,775,205,80.81
51,12,864,107,909,144,98.12
51,13,884,134,920,180,82.56
51,14,992,114,1038,157,89.89
51,15,700,126,752,170,88.03
51,16,716,107,760,143,100.01
51,17,797,99,845,141,99.13
51,18,643,109,691,152,100.16
52,0,601,215,670,268,72.97
52,1,779,198,840,250,70.69
52,2,1249,170,1312,216,75.25
52,3,1053,178,1116,229,71.74
52,4,960,180,1020,228,72.54
52,5,839,166,900,211,77.49
52,6,1159,150,1215,206,78.39
52,7,643,150,700,198,84.96
52,8,1238,121,1291,166,84.67
52,9,939,88,974,137,99.35
52,10,991,110,1038,156,91.18
52,11,799,131,842,180,85.29
52,12,640,107,693,151,98.89
52,13,717,155,777,204,80.63
52,14,796,98,846,138,100.64
52,15,862,106,911,143,94.14
52,16,700,125,754,171,87.03
52,17,883,131,920,177,82.87
52,18,715,107,761,141,100.93
52,19,1085,82,1144,126,100.28
53,0,601,215,670,267,72.75
53,1,778,198,840,250,70.23
53,2,1250,169,1311,216,74.78
53,3,1053,177,1116,229,71.76
53,4,961,180,1020,228,72.25
53,5,643,150,700,198,84.58
53,6,839,165,900,211,77.53
53,7,1160,150,1215,205,78.5
53,8,939,88,975,136,99.05
53,9,1239,121,1289,166,84.74
53,10,639,107,693,150,98.97
53,11,799,131,842,179,85.55
53,12,716,155,776,204,80.5
53,13,992,110,1039,156,90.48
53,14,862,105,911,143,95.18
53,15,796,97,846,138,99.93
53,16,698,125,754,169,87.45
53,17,885,131,920,177,83.3
53,18,715,106,760,141,102.61
53,19,1085,82,1143,125,99.97
54,0,602,216,669,268,72.74
54,1,780,202,838,252,68.93
54,2,961,182,1019,230,71.75
54,3,1054,179,1115,231,72.0
54,4,1249,171,1312,218,74.53
54,5,840,168,900,212,77.08
54,6,1160,152,1214,207,77.97
54,7,644,151,699,199,85.28
54,8,1239,121,1291,167,84.62
54,9,939,91,974,135,101.15
54,10,799,132,841,180,85.62
54,11,991,113,1037,157,90.08
54,12,717,156,775,205,80.91
54,13,863,107,910,144,96.95
54,14,884,133,920,179,83.18
54,15,641,108,691,152,100.32
54,16,797,99,846,139,100.58
54,17,700,126,753,170,87.78
54,18,715,107,761,143,102.56
54,19,1084,82,1143,127,99.58
55,0,602,217,670,268,72.26
55,1,780,200,838,251,69.55
55,2,961,183,1019,230,71.65
55,3,1249,170,1312,218,74.75
55,4,841,167,900,211,77.44
55,5,1052,179,1116,230,72.22
55,6,1160,152,1215,207,78.21
55,7,643,151,698,199,85.23
55,8,938,90,974,135,100.89
55,9,1238,122,1291,167,84.96
55,10,799,132,841,180,85.51
55,11,992,112,1038,158,89.72
55,12,716,156,775,204,80.83
55,13,863,107,910,144,97.43
55,14,796,99,846,140,100.4
55,15,884,133,920,178,82.6
55,16,700,125,752,170,87.98
55,17,717,107,761,143,102.42
55,18,640,108,692,151,99.96
55,19,1084,81,1144,126,99.54
56,0,601,214,670,267,73.36
56,1,777,197,839,250,70.32
56,2,1248,169,1310,216,74.48
56,3,1052,177,1116,229,72.27
56,4,961,180,1019,228,72.25
56,5,642,150,699,198,85.01
56,6,839,164,900,210,77.84
56,7,1158,149,1214,206,78.44
56,8,1239,121,1290,165,84.79
56,9,938,88,974,135,99.08
56,10,991,112,1038,156,90.6
56,11,798,131,842,179,85.9
56,12,716,155,776,203,81.02
56,13,796,98,845,139,100.35
56,14,862,105,910,144,93.46
56,15,640,107,693,150,97.56
56,16,699,125,753,170,88.02
56,17,883,130,919,177,83.48
56,18,711,106,759,142,100.57
56,19,1085,81,1143,125,99.76
57,0,601,215,670,268,72.68
57,1,1249,170,1310,217,74.53
57,2,779,198,840,250,70.66
57,3,839,166,901,211,77.45
57,4,961,180,1020,229,72.26
57,5,1160,150,1215,206,77.87
57,6,1052,179,1116,229,72.01
57,7,643,151,699,198,85.25
57,8,1240,121,1290,165,84.73
57,9,939,88,974,136,99.89
57,10,991,111,1038,157,90.17
57,11,799,131,842,180,86.07
57,12,717,156,776,204,80.62
57,13,863,106,910,143,95.41
57,14,796,98,846,139,100.53
57,15,699,125,752,171,87.88
57,16,642,108,692,150,97.72
57,17,718,106,761,142,97.87
57,18,884,132,919,178,82.75
57,19,1085,83,1144,126,98.68
58,0,602,217,669,269,72.67
58,1,780,202,838,252,69.71
58,2,960,182,1019,230,71.77
58,3,1052,180,1115,231,72.11
58,4,1249,171,1312,218,74.75
58,5,1158,151,1214,207,77.77
58,6,643,152,698,199,85.0
58,7,839,168,901,212,77.11
58,8,938,91,974,137,100.03
58,9,1238,123,1290,168,84.62
58,10,800,132,841,181,85.45
58,11,716,158,774,205,80.41
58,12,863,107,909,144,96.67
58,13,992,114,1037,158,88.86
58,14,884,134,921,179,82.96
58,15,699,126,752,171,88.16
58,16,715,108,760,144,101.23
58,17,797,100,845,140,99.29
58,18,640,109,691,152,99.01
58,19,1084,83,1142,127,98.37
59,0,601,217,670,270,72.55
59,1,779,203,838,252,69.18
59,2,961,182,1018,231,71.86
59,3,1248,172,1311,218,74.43
59,4,1051,180,1115,231,72.24
59,5,840,168,900,213,77.25
59,6,643,151,698,200,85.19
59,7,1159,150,1214,207,78.09
59,8,938,92,974,137,99.58
59,10,800,132,841,182,84.91
59,11,991,114,1036,158,88.64
59,12,718,157,774,206,80.94
59,13,863,108,910,144,96.86
59,14,883,134,920,179,83.09
59,15,699,126,751,171,87.69
59,16,717,108,759,144,103.03
59,17,797,101,845,141,100.11
59,18,643,110,691,152,100.33
59,19,1084,83,1141,126,100.17
60,0,601,216,669,268,72.72
60,1,780,201,839,252,69.36
60,2,960,182,1019,230,72.14
60,3,1249,169,1311,218,75.07
60,4,840,167,900,212,77.55
60,5,1050,179,1116,231,72.36
60,6,1160,153,1215,207,78.15
60,7,643,151,697,198,85.39
60,8,937,90,974,135,99.82
60,10,990,113,1037,157,89.93
60,11,799,132,841,180,85.08
60,12,717,156,775,205,80.86
60,13,863,107,910,144,96.33
60,14,797,99,845,140,99.95
60,15,700,125,752,171,88.31
60,16,716,107,761,143,103.0
60,17,884,133,921,178,82.9
60,18,640,108,691,152,100.56
60,19,1083,82,1144,126,99.62
61,0,601,216,670,269,72.76
61,1,779,200,840,251,69.77
61,2,960,182,1019,230,71.98
61,3,1249,171,1313,218,74.4
61,4,1050,179,1116,230,72.48
61,5,840,167,901,212,77.32
61,6,643,151,698,199,85.45
61,7,1160,151,1214,207,78.42
61,8,991,113,1037,158,89.84
61,9,938,89,974,135,99.83
61,10,1238,122,1291,167,84.92
61,11,798,132,841,179,85.83
61,12,717,156,775,205,80.77
61,13,863,107,910,144,94.44
61,14,796,99,845,140,99.33
61,15,700,125,752,171,88.84
61,16,717,106,761,142,102.47
61,17,883,133,920,178,83.46
61,18,642,109,691,151,98.92
61,19,1083,82,1143,127,99.57
62,0,601,217,670,269,72.57
62,1,778,202,838,252,69.82
62,2,961,182,1018,230,72.2
62,3,1051,180,1116,230,72.46
62,4,1248,170,1312,218,74.69
62,5,840,168,900,212,77.17
62,6,643,151,698,200,85.14
62,7,1158,151,1215,207,78.44
62,8,938,92,974,137,99.2
62,9,799,132,841,181,85.27
62,10,1238,123,1291,168,85.26
62,11,717,157,775,206,80.81
62,12,863,108,909,144,96.41
62,13,797,100,845,140,99.67
62,14,883,134,920,179,83.09
62,15,699,126,753,170,88.24
62,16,992,113,1038,158,89.47
62,17,714,108,760,144,101.22
62,18,642,110,691,152,100.22
62,19,1082,83,1142,127,99.1
63,0,601,216,670,268,72.62
63,1,779,199,840,251,70.25
63,2,1249,170,1312,218,74.77
63,3,961,181,1020,229,72.08
63,4,840,167,900,212,77.6
63,5,1050,179,1117,230,72.74
63,6,643,151,699,198,85.3
63,7,1159,151,1215,206,79.05
63,8,938,89,973,136,101.25
63,9,991,112,1037,158,90.08
63,10,798,132,841,179,85.66
63,11,717,156,776,204,80.77
63,12,1239,122,1292,165,85.49
63,13,797,99,846,140,99.81
63,14,862,107,910,144,96.35
63,15,699,125,751,170,87.88
63,16,716,107,760,143,100.78
63,17,882,133,920,178,82.81
63,18,642,109,691,151,99.51
63,19,1085,82,1143,126,99.53
64,0,601,215,671,267,72.3
64,1,1249,169,1312,215,75.06
64,2,778,198,840,250,70.83
64,3,1052,177,1116,229,72.59
64,4,961,179,1020,227,72.59
64,5,840,165,900,210,77.59
64,6,643,150,700,198,84.88
64,7,1158,150,1215,205,79.06
64,8,992,111,1039,156,90.27
64,9,939,88,974,135,99.3
64,10,1240,121,1292,165,84.94
64,11,799,131,841,180,85.32
64,12,716,155,777,204,80.85
64,13,640,107,693,150,98.11
64,14,797,97,845,138,99.54
64,15,863,105,910,144,94.43
64,16,884,130,920,177,83.57
64,17,698,125,753,169,87.17
64,18,714,104,761,141,102.88
64,19,1085,81,1143,125,100.19
65,0,601,216,670,268,72.69
65,1,779,199,841,251,69.85
65,2,1249,169,1311,217,75.02
65,3,962,181,1020,229,72.2
65,4,1052,179,1116,229,72.68
65,5,1160,151,1214,206,78.5
65,6,643,150,698,198,84.85
65,7,841,167,901,210,77.38
65,8,1239,121,1291,166,85.09
65,9,939,88,974,136,99.2
65,10,991,112,1037,157,90.3
65,11,799,131,842,179,85.62
65,12,716,155,776,204,80.44
65,13,864,106,909,144,95.08
65,14,797,98,847,138,100.52
65,15,642,108,692,150,98.14
65,16,700,125,752,170,88.54
65,17,885,131,919,178,82.86
65,18,717,106,761,142,100.69
65,19,1085,81,1144,125,100.08
66,0,605,217,672,269,72.82
66,1,1055,181,1116,231,71.64
66,2,782,202,840,253,69.44
66,3,1250,172,1313,218,74.82
66,4,963,182,1021,231,71.54
66,5,841,168,903,213,76.97
66,6,1159,154,1216,207,78.8
66,7,1239,124,1293,168,84.86
66,8,801,133,843,182,84.11
66,9,993,115,1038,158,88.82
66,10,644,152,699,199,85.62
66,11,720,157,775,206,81.03
66,12,941,93,975,137,96.56
66,13,865,108,908,146,95.72
66,14,885,133,922,180,82.77
66,15,798,100,846,141,99.31
66,16,700,125,751,171,89.02
66,17,719,106,760,144,102.35
66,18,645,110,693,152,100.03
66,19,1085,83,1145,126,98.88
67,0,604,216,672,268,72.68
67,1,1251,170,1316,218,74.96
67,2,782,201,843,252,69.68
67,3,963,181,1022,230,72.28
67,4,1054,180,1118,229,71.55
67,5,843,167,904,211,77.38
67,6,1161,152,1218,207,78.58
67,7,645,150,701,198,85.54
67,8,802,131,845,181,85.06
67,9,993,114,1040,158,89.44
67,10,1241,123,1294,166,85.11
67,11,719,155,776,205,80.78
67,12,867,108,912,145,95.51
67,13,942,91,976,136,97.74
67,14,886,133,923,180,82.85
67,15,716,103,763,141,105.12
67,16,799,100,848,140,99.77
67,17,701,125,754,170,88.31
67,18,645,108,694,151,101.14
67,19,1085,82,1147,125,99.34
68,0,603,211,671,266,72.37
68,1,781,197,842,249,69.74
68,2,1253,167,1318,214,74.1
68,3,1163,150,1219,204,77.26
68,4,1054,175,1120,225,72.95
68,5,964,178,1024,225,71.49
68,6,994,111,1041,155,87.86
68,7,645,148,700,195,84.88
68,8,843,164,902,208,76.71
68,9,718,154,777,202,80.1
68,10,802,128,845,177,84.91
68,11,643,105,694,147,99.22
68,12,1246,121,1296,162,84.59
68,13,799,94,848,135,98.93
68,14,866,104,911,142,92.74
68,15,943,87,977,132,95.42
68,16,887,128,922,175,83.77
68,17,702,123,754,166,87.55
68,18,714,101,763,140,102.82
68,19,1090,79,1146,121,99.55
69,0,778,194,837,247,69.36
69,1,1053,171,1117,224,74.27
69,2,962,177,1020,225,72.82
69,3,641,146,698,195,84.79
69,4,1162,148,1217,202,77.28
69,5,1250,165,1317,213,72.99
69,6,991,107,1039,154,88.06
69,7,600,211,670,265,72.21
69,8,636,102,693,144,100.44
69,9,716,152,775,200,80.2
69,10,840,162,900,207,77.06
69,11,1242,116,1292,160,84.51
69,12,940,82,974,131,99.31
69,13,799,125,842,175,85.48
69,14,884,126,920,172,83.53
69,15,862,101,910,140,94.33
69,16,796,92,845,134,98.56
69,17,698,122,753,163,87.78
69,18,706,100,760,138,102.21
69,19,1083,76,1144,120,98.49
70,0,778,195,838,247,69.03
70,1,1053,170,1117,224,74.74
70,2,1161,148,1218,201,78.08
70,3,1251,164,1316,212,73.61
70,4,962,176,1021,224,72.69
70,5,642,146,698,195,84.55
70,6,600,211,671,264,72.23
70,7,636,101,693,144,98.98
70,8,989,106,1040,153,87.99
70,9,715,151,776,200,80.13
70,10,939,82,975,130,98.84
70,11,840,161,900,206,76.76
70,12,1243,115,1290,160,84.51
70,13,799,125,841,175,85.1
70,14,883,126,920,171,82.93
70,15,862,99,912,139,93.83
70,16,796,90,845,133,99.2
70,17,698,121,753,163,88.46
70,18,707,97,759,138,102.97
70,19,1081,74,1145,120,99.2
71,0,781,196,838,247,68.37
71,1,601,211,671,265,72.34
71,2,1251,165,1317,213,73.94
71,3,1052,171,1119,225,75.28
71,4,643,147,698,195,83.96
71,5,1164,149,1219,202,79.59
71,6,963,177,1022,224,72.43
71,7,993,107,1040,153,88.8
71,8,639,101,693,144,100.78
71,9,841,162,900,206,76.49
71,10,717,152,775,201,80.05
71,11,800,125,842,175,85.19
71,12,940,84,975,130,98.17
71,13,1245,116,1293,159,84.61
71,14,886,126,920,172,83.89
71,15,863,101,910,140,92.38
71,16,796,91,846,134,98.96
71,17,698,121,753,162,87.98
71,18,707,99,761,137,101.32
71,19,1084,75,1144,120,98.81
72,0,602,213,671,266,71.89
72,1,780,198,840,250,68.14
72,2,1253,167,1317,215,73.32
72,3,1052,175,1119,225,74.41
72,4,964,178,1022,226,71.7
72,5,1163,150,1218,204,77.37
72,6,994,109,1041,155,88.16
72,7,643,149,699,196,84.32
72,8,640,104,693,146,98.13
72,9,842,164,902,208,76.31
72,10,1245,120,1295,161,83.86
72,11,801,128,843,177,84.34
72,12,719,153,777,201,80.26
72,13,864,102,909,141,95.22
72,14,886,127,921,175,83.06
72,15,697,123,751,166,86.96
72,16,941,87,976,133,95.4
72,17,798,94,847,135,97.45
72,18,714,102,759,139,96.87
72,19,1088,79,1144,122,97.43
73,0,602,214,671,267,72.18
73,1,1252,169,1315,216,72.94
73,2,782,198,840,251,69.02
73,3,964,179,1022,227,70.99
73,4,1056,177,1119,227,71.79
73,5,995,111,1040,156,87.47
73,6,1163,150,1218,205,78.45
73,7,644,150,698,197,83.89
73,8,843,164,901,209,77.02
73,9,1245,120,1296,163,83.84
73,10,719,155,776,203,80.2
73,11,801,130,843,179,83.43
73,12,640,106,693,148,99.32
73,13,942,88,975,133,96.22
73,14,864,104,912,142,92.85
73,15,716,103,760,140,100.06
73,16,798,95,847,136,97.58
73,17,699,123,752,168,87.72
73,18,887,129,922,176,83.3
73,19,1088,80,1145,122,99.27
74,0,603,215,671,268,71.43
74,1,1253,170,1318,218,73.91
74,2,1057,180,1119,230,72.88
74,3,781,203,844,251,68.69
74,4,965,182,1023,230,71.58
74,5,1164,152,1220,207,79.16
74,6,995,110,1041,157,90.7
74,7,1244,121,1297,165,84.5
74,8,843,166,904,211,76.81
74,9,644,150,701,197,84.5
74,10,801,131,845,181,84.28
74,11,642,107,694,150,97.74
74,12,720,156,777,205,79.86
74,13,799,97,849,138,96.13
74,14,866,106,912,144,93.29
74,15,943,88,976,136,98.71
74,16,1090,82,1147,125,98.19
74,17,700,125,754,170,87.72
74,18,886,131,924,178,83.06
74,19,716,102,763,141,105.31
75,0,603,219,671,272,71.45
75,1,780,205,843,255,68.78
75,2,1057,183,1119,234,70.41
75,3,965,184,1024,232,70.79
75,4,1253,171,1319,220,72.95
75,5,842,169,904,215,76.02
75,6,1244,124,1298,169,84.64
75,7,1164,157,1220,208,77.59
75,8,802,133,845,184,83.4
75,9,720,159,776,208,79.76
75,10,943,93,976,138,95.38
75,11,646,155,698,201,83.5
75,12,867,108,912,146,93.75
75,13,799,101,848,141,96.95
75,14,886,134,923,180,83.19
75,15,995,114,1042,159,87.87
75,16,699,126,752,172,87.42
75,17,718,106,762,144,101.99
75,18,644,110,693,153,98.94
75,19,1088,83,1148,127,98.48
76,0,776,205,832,257,68.4
76,1,1050,182,1115,233,71.35
76,2,957,187,1017,234,70.29
76,3,635,156,692,203,83.06
76,4,834,170,896,216,75.92
76,5,1158,155,1214,208,77.86
76,6,1249,173,1314,220,73.14
76,7,632,110,686,152,100.27
76,8,935,92,970,138,97.3
76,9,1238,122,1291,168,84.86
76,10,709,160,767,210,79.03
76,11,794,134,835,183,84.82
76,12,594,222,661,275,70.64
76,13,878,134,917,180,82.59
76,14,987,115,1036,160,87.95
76,15,692,129,746,173,86.78
76,16,859,110,905,147,91.88
76,17,710,108,753,144,102.72
76,18,790,102,840,142,97.21
76,19,1082,84,1142,127,97.97
77,0,1042,183,1110,235,70.56
77,1,954,187,1012,236,69.82
77,2,770,205,829,259,67.71
77,3,830,170,891,215,76.04
77,4,1157,156,1209,209,76.96
77,5,1247,174,1308,221,72.84
77,6,628,157,686,203,82.3
77,7,930,94,965,139,96.6
77,8,587,223,656,277,70.17
77,9,788,137,830,185,82.02
77,10,625,110,679,154,98.9
77,11,706,160,761,211,78.89
77,12,1234,124,1284,169,84.29
77,13,873,136,910,181,81.54
77,14,983,115,1029,160,86.84
77,15,851,110,900,149,90.32
77,16,687,130,739,174,85.54
77,17,786,104,835,144,96.63
77,18,701,109,747,145,101.22
77,19,1078,84,1136,128,96.99
78,0,755,207,816,262,67.14
78,1,613,160,674,206,81.43
78,2,1141,157,1198,210,77.13
78,3,941,189,1001,238,69.71
78,4,1224,123,1276,169,84.31
78,5,1034,184,1096,238,72.86
78,6,1232,174,1296,222,72.0
78,7,817,174,878,218,74.93
78,8,968,117,1018,161,87.02
78,9,692,163,748,214,78.12
78,10,775,138,818,187,82.77
78,11,609,113,665,155,96.74
78,12,773,104,820,143,95.71
78,13,572,227,642,282,69.63
78,14,917,93,951,140,95.04
78,15,839,110,888,150,93.48
78,16,859,137,898,181,81.59
78,17,672,132,726,175,85.33
78,18,684,111,734,146,101.3
78,19,1066,83,1124,126,98.82
79,0,751,214,808,266,66.6
79,1,563,232,632,287,69.69
79,2,934,190,995,243,69.7
79,3,1024,188,1092,240,70.33
79,4,605,163,665,211,81.78
79,5,768,140,810,192,82.84
79,6,1215,129,1266,175,83.52
79,7,961,120,1011,167,86.23
79,8,909,99,944,144,97.08
79,9,1135,163,1192,215,75.35
79,10,810,178,872,223,75.05
79,11,684,168,741,219,78.31
79,12,851,142,890,186,81.76
79,13,603,118,656,159,98.28
79,14,1225,179,1289,226,72.35
79,15,831,114,880,155,94.34
79,16,662,137,720,180,85.72
79,17,679,113,726,152,100.92
79,18,763,106,813,149,96.53
79,19,1060,87,1115,132,97.38
80,0,750,221,807,274,67.86
80,1,563,241,632,296,69.54
80,2,1024,193,1090,249,74.4
80,3,932,199,994,252,70.74
80,4,1225,189,1287,237,71.88
80,5,1132,172,1190,226,77.96
80,6,683,176,739,227,78.33
80,7,809,187,868,232,74.87
80,8,604,173,664,218,81.43
80,9,1212,138,1263,184,83.36
80,10,960,131,1006,176,85.95
80,11,766,149,808,201,82.44
80,12,907,108,942,153,95.86
80,13,599,126,654,170,97.33
80,14,851,151,889,195,80.5
80,15,831,124,880,164,92.68
80,16,660,146,718,188,85.25
80,17,675,123,725,162,96.84
80,18,763,115,810,157,97.62
80,19,1058,97,1111,145,96.75
81,0,756,241,814,291,65.93
81,1,571,258,638,311,68.11
81,2,609,188,670,236,81.33
81,3,1030,216,1097,269,71.79
81,4,938,217,1000,268,71.34
81,5,772,165,815,216,82.91
81,6,913,123,947,169,94.95
81,7,689,192,745,244,77.81
81,8,815,203,874,247,74.77
81,9,853,166,896,211,80.8
81,10,1142,191,1196,244,76.61
81,11,966,147,1015,193,86.71
81,12,607,141,662,183,96.92
81,13,1218,155,1274,202,83.3
81,14,835,141,885,182,88.64
81,15,767,133,816,175,95.11
81,16,667,160,725,205,85.8
81,17,679,138,731,178,97.78
81,18,1230,204,1291,256,72.15
81,19,1059,112,1117,159,98.18
82,0,580,261,650,316,68.27
82,1,766,246,828,297,66.58
82,2,622,195,678,241,80.88
82,3,617,146,672,188,97.35
82,4,1040,221,1112,275,69.43
82,5,974,154,1028,200,86.44
82,6,950,224,1018,275,68.58
82,7,1068,121,1130,167,96.97
82,8,1243,214,1311,264,71.48
82,9,698,198,757,248,77.47
82,10,824,210,887,254,74.15
82,11,782,173,826,220,82.8
82,12,1231,163,1281,207,83.82
82,13,1154,196,1212,252,76.08
82,14,776,137,828,179,94.01
82,15,924,130,960,175,96.05
82,16,867,172,906,218,81.39
82,17,677,166,737,207,85.89
82,18,848,149,897,186,90.61
82,19,686,145,742,181,100.11
83,0,604,259,675,314,67.16
83,1,792,244,853,297,64.91
83,2,1073,220,1140,275,68.12
83,3,645,189,703,237,79.53
83,4,979,223,1043,275,67.74
83,5,1276,215,1344,267,70.83
83,6,808,168,850,218,81.32
83,7,1184,198,1242,253,73.02
83,8,852,209,914,252,72.3
83,9,640,141,694,184,92.49
83,10,1005,151,1055,197,85.46
83,11,1262,161,1316,209,82.54
83,12,949,126,984,172,94.84
83,13,724,194,780,246,75.53
83,14,892,171,931,216,79.52
83,15,703,161,759,204,83.61
83,16,874,146,923,183,89.0
83,17,801,134,851,176,92.75
83,18,1094,118,1159,165,94.74
83,19,716,138,767,178,95.12
84,0,661,190,722,239,78.61
84,1,996,228,1063,278,66.79
84,2,808,247,869,299,63.79
84,3,1090,226,1161,281,67.63
84,4,1021,155,1073,200,83.58
84,5,656,142,710,183,93.68
84,6,826,171,867,219,79.67
84,7,621,259,694,316,66.79
84,8,1296,219,1368,271,70.54
84,9,867,209,930,254,72.1
84,10,740,196,798,246,74.7
84,11,1282,168,1337,213,81.42
84,12,908,171,949,216,79.33
84,13,1204,202,1262,257,72.88
84,14,717,163,776,206,82.93
84,15,968,128,1002,174,91.6
84,16,1115,122,1176,167,93.17
84,17,887,147,940,184,85.77
84,18,820,136,869,177,90.3
84,19,729,139,781,179,93.93
85,0,1016,237,1079,288,65.46
85,1,827,256,889,310,62.9
85,2,1109,237,1180,290,65.31
85,3,673,147,729,191,91.84
85,4,883,219,951,265,70.67
85,5,636,268,708,323,64.81
85,6,756,204,816,254,74.18
85,7,677,196,738,244,78.23
85,8,1319,231,1390,286,69.23
85,9,986,135,1021,182,90.39
85,10,1039,160,1094,207,83.32
85,11,1216,211,1286,271,71.74
85,12,841,176,887,228,79.23
85,13,1305,177,1357,225,81.0
85,14,906,152,956,192,86.57
85,15,735,171,794,214,81.88
85,16,1131,128,1200,176,93.17
85,17,745,147,799,186,94.81
85,18,929,178,969,227,78.11
85,19,835,141,887,184,93.11
86,0,844,269,903,323,62.06
86,1,694,210,752,258,76.74
86,2,1130,249,1201,304,66.86
86,3,651,282,723,338,64.83
86,4,1033,248,1097,304,65.32
86,5,857,190,902,242,76.86
86,6,1058,175,1110,222,81.44
86,7,1240,225,1304,282,71.2
86,8,904,232,966,277,69.81
86,9,754,184,809,226,80.65
86,10,1342,244,1415,298,68.23
86,11,1001,150,1037,195,90.6
86,12,944,195,985,239,76.35
86,13,925,165,977,205,86.05
86,14,1323,189,1384,235,81.05
86,15,774,218,832,269,72.56
86,16,692,161,742,204,91.48
86,17,851,156,904,197,90.78
86,18,767,159,815,196,95.58
86,19,1151,139,1219,189,92.73
87,0,845,291,903,344,61.44
87,1,1345,265,1414,316,67.46
87,2,1132,270,1203,324,66.03
87,3,692,231,750,279,77.06
87,4,650,304,722,358,64.48
87,5,859,211,900,263,76.9
87,6,1033,273,1100,322,64.41
87,7,945,215,984,259,76.17
87,8,1059,195,1109,243,80.14
87,9,903,253,965,298,69.19
87,10,1248,244,1307,300,70.44
87,11,772,240,829,290,72.04
87,12,752,203,806,247,80.15
87,13,1325,208,1382,254,80.12
87,14,1002,171,1035,215,87.98
87,15,853,176,901,216,89.0
87,16,924,186,974,226,82.85
87,17,691,183,740,225,87.41
87,18,769,181,813,217,89.63
87,19,1153,160,1218,207,90.86
88,0,831,310,892,363,59.51
88,1,1023,288,1090,342,62.85
88,2,1123,287,1193,342,64.71
88,3,1340,279,1409,331,66.22
88,4,1235,258,1298,315,69.96
88,5,672,199,726,241,87.39
88,6,756,256,814,308,70.37
88,7,887,269,956,317,67.4
88,8,1046,208,1098,254,80.11
88,9,675,249,735,297,74.56
88,10,1321,223,1371,270,78.64
88,11,842,226,890,278,75.94
88,12,631,326,704,382,62.51
88,13,907,199,961,240,85.17
88,14,736,222,795,264,78.7
88,15,1141,172,1205,222,90.12
88,16,989,184,1024,230,87.63
88,17,836,188,889,231,91.4
88,18,931,230,974,277,74.61
88,19,743,197,799,234,91.33
89,0,821,305,881,360,57.38
89,1,1014,284,1084,334,61.98
89,2,1112,279,1192,336,63.14
89,3,659,242,722,291,73.23
89,4,876,261,949,308,66.52
89,5,654,189,711,231,88.95
89,6,1233,249,1295,306,68.67
89,7,1338,271,1409,323,65.62
89,8,615,321,690,377,60.51
89,9,1314,210,1374,257,77.42
89,10,1039,200,1093,245,79.44
89,11,741,249,802,300,68.62
89,12,830,218,878,270,74.58
89,13,824,179,877,221,87.13
89,14,898,190,952,232,80.76
89,15,981,173,1015,216,87.06
89,16,719,211,778,254,77.49
89,17,920,220,963,266,73.74
89,18,1129,160,1201,209,89.59
89,19,728,187,784,227,90.0
90,0,825,296,890,352,56.03
90,1,1354,260,1427,316,64.09
90,2,615,311,695,370,58.74
90,3,657,175,715,219,86.42
90,4,661,229,726,279,70.64
90,5,1129,269,1206,328,61.47
90,6,1025,273,1097,328,60.04
90,7,748,237,807,290,66.86
90,8,1331,200,1387,249,75.69
90,9,1047,185,1106,235,77.26
90,10,836,206,883,262,73.25
90,11,882,250,957,300,64.56
90,12,987,160,1023,205,84.84
90,13,905,178,960,219,78.59
90,14,1250,238,1315,299,66.98
90,15,733,174,789,211,86.91
90,16,1135,146,1220,200,88.38
90,17,929,208,972,258,71.96
90,18,723,201,785,244,76.18
90,19,830,165,881,209,85.19
91,0,860,302,922,360,54.56
91,1,1063,284,1132,335,57.78
91,2,1399,270,1473,327,63.35
91,3,694,234,757,285,69.8
91,4,1023,165,1059,209,82.84
91,5,1167,280,1243,338,59.22
91,6,918,257,988,306,63.09
91,7,779,241,841,296,65.73
91,8,1085,192,1137,241,76.38
91,9,690,177,747,222,84.39
91,10,872,211,916,266,71.5
91,11,964,212,1005,261,70.69
91,12,647,318,727,377,57.14
91,13,1175,152,1253,201,86.33
91,14,863,170,915,212,82.74
91,15,1372,208,1431,256,74.62
91,16,1291,249,1355,308,64.78
91,17,756,202,815,247,73.61
91,18,938,182,993,224,77.0
91,19,768,177,821,216,86.57
92,0,879,326,942,385,53.95
92,1,1190,304,1266,364,59.12
92,2,1043,187,1080,233,81.14
92,3,1423,296,1502,354,62.21
92,4,1081,307,1157,361,57.91
92,5,714,256,778,307,69.3
92,6,1107,213,1162,264,75.63
92,7,711,199,766,244,83.18
92,8,1318,274,1380,337,63.89
92,9,891,233,938,289,70.9
92,10,800,264,862,319,65.36
92,11,669,342,746,401,56.14
92,12,938,280,1009,331,62.24
92,13,1399,233,1460,283,73.75
92,14,1203,173,1274,225,85.73
92,15,983,236,1028,285,69.93
92,16,883,190,936,236,82.82
92,17,960,202,1014,247,77.24
92,18,777,225,836,270,72.92
92,19,786,198,842,237,85.96
93,0,872,343,937,402,52.44
93,1,1425,311,1501,367,61.74
93,2,657,361,738,417,54.79
93,3,1184,317,1266,380,59.59
93,4,704,270,771,322,68.36
93,5,703,214,759,257,83.11
93,6,795,280,853,334,63.53
93,7,1397,245,1461,294,73.2
93,8,930,292,1007,345,62.01
93,9,1314,289,1379,349,64.17
93,10,883,246,932,303,70.25
93,11,1077,323,1156,379,56.87
93,12,954,215,1010,261,75.56
93,13,1100,229,1161,277,74.31
93,14,1039,200,1075,246,80.0
93,15,769,238,830,284,73.26
93,16,978,249,1025,300,68.68
93,17,876,206,930,248,80.84
93,18,783,212,835,251,82.98
93,19,1189,186,1277,239,85.08
94,0,856,331,925,393,52.28
94,1,1177,309,1260,368,58.28
94,2,1418,299,1502,356,60.5
94,3,685,259,753,313,67.13
94,4,635,352,723,411,53.46
94,5,1068,312,1146,367,56.37
94,6,774,269,842,323,62.79
94,7,683,201,740,246,81.64
94,8,1311,275,1373,339,61.97
94,9,1091,218,1148,266,72.44
94,10,915,283,996,335,60.45
94,11,870,237,918,292,67.0
94,12,1028,188,1063,233,79.52
94,13,1392,233,1449,283,71.91
94,14,861,193,916,235,81.56
94,15,752,226,813,273,71.01
94,16,963,238,1013,287,67.49
94,17,941,204,999,248,74.1
94,18,764,199,819,240,81.61
94,19,1185,171,1265,225,84.81
95,0,861,332,929,391,49.88
95,1,682,193,741,239,77.63
95,2,687,254,754,308,65.92
95,3,1187,306,1273,369,57.11
95,4,1100,207,1154,258,71.58
95,5,1433,299,1517,357,58.57
95,6,922,280,1000,331,58.86
95,7,776,264,842,318,61.25
95,8,873,230,920,286,66.47
95,9,1402,228,1464,279,70.79
95,10,1074,312,1160,368,54.07
95,11,1322,274,1385,336,60.55
95,12,1031,179,1069,227,78.53
95,13,637,348,720,410,52.15
95,14,942,197,1001,242,73.21
95,15,971,231,1015,282,65.99
95,16,750,219,815,267,69.37
95,17,864,184,918,228,79.37
95,18,761,190,821,232,81.58
95,19,1195,163,1272,217,82.95
96,0,885,339,953,402,49.12
96,1,800,271,863,326,60.47
96,2,705,199,762,244,77.97
96,3,706,261,775,314,64.54
96,4,1429,238,1488,293,69.65
96,5,660,357,745,419,50.8
96,6,946,287,1024,340,58.04
96,7,1211,317,1300,382,53.81
96,8,1097,321,1183,378,53.19
96,9,1461,309,1547,370,58.38
96,10,896,237,943,295,65.24
96,11,1056,188,1093,234,78.31
96,12,1117,220,1183,270,70.24
96,13,967,204,1027,250,73.65
96,14,775,227,836,272,68.65
96,15,1348,284,1415,348,58.74
96,16,991,242,1042,290,64.99
96,17,786,201,842,238,78.3
96,18,1217,171,1299,227,81.66
96,19,886,190,942,233,80.11
97,0,1490,327,1573,386,58.07
97,1,906,354,973,413,48.17
97,2,729,270,796,324,64.26
97,3,1233,333,1323,395,56.07
97,4,820,282,885,338,60.03
97,5,1122,337,1206,392,53.25
97,6,1371,299,1439,364,59.88
97,7,917,249,966,308,64.43
97,8,965,301,1043,353,57.42
97,9,795,236,856,284,68.49
97,10,725,208,784,255,77.4
97,11,1138,231,1210,283,70.31
97,12,987,213,1049,262,73.89
97,13,1015,253,1061,303,64.58
97,14,909,203,962,246,78.83
97,15,1077,200,1113,246,76.43
97,16,681,368,763,430,50.87
97,17,1455,254,1523,306,69.12
97,18,811,208,860,250,78.95
98,0,907,358,976,419,48.16
98,1,1495,332,1579,391,57.97
98,2,679,374,766,434,51.19
98,3,971,306,1045,358,57.27
98,4,732,277,798,329,64.01
98,5,729,213,786,260,76.41
98,6,1236,337,1325,399,55.87
98,7,1126,340,1207,395,52.88
98,8,1373,301,1444,368,60.79
98,9,921,254,967,312,65.25
98,10,821,288,889,342,60.06
98,11,798,242,860,288,68.41
98,12,1081,204,1117,251,77.47
98,13,1145,236,1210,288,70.26
98,14,1020,257,1063,307,64.41
98,15,990,222,1048,267,72.03
98,16,912,208,965,250,77.31
98,17,813,211,863,252,77.98
98,18,1457,258,1531,312,69.22
98,19,1243,190,1324,243,80.92
99,0,910,362,976,424,48.06
99,1,970,308,1045,361,57.05
99,2,1498,336,1582,395,57.34
99,3,730,279,797,332,63.99
99,4,1239,339,1328,403,55.43
99,5,726,216,788,263,77.5
99,6,819,291,889,345,59.98
99,7,1381,307,1446,372,59.43
99,8,1081,208,1116,252,76.56
99,9,922,258,966,314,64.0
99,10,1148,237,1211,289,70.03
99,11,1126,343,1210,397,52.57
99,12,1019,258,1063,310,64.44
99,13,676,377,766,439,50.76
99,14,989,224,1049,268,72.38
99,15,797,244,860,291,67.96
99,16,804,214,865,255,78.14
99,17,1463,261,1529,314,69.21
99,18,913,211,965,252,77.89
99,19,1241,192,1325,243,81.77
100,0,925,369,994,431,47.64
100,1,1260,349,1351,410,52.67
100,2,747,284,813,337,62.58
100,3,835,295,903,351,59.09
100,4,742,221,801,266,76.73
100,5,1142,352,1228,408,51.32
100,6,1519,344,1617,404,57.17
100,7,1400,316,1472,381,57.05
100,8,988,315,1065,366,56.26
100,9,934,260,984,321,63.54
100,10,691,385,783,445,49.2
100,11,1096,211,1136,257,75.8
100,12,1156,246,1233,296,68.46
100,13,1035,265,1085,315,63.72
100,14,1486,267,1550,321,68.14
100,15,1007,227,1068,272,71.45
100,16,823,219,880,259,79.28
100,17,813,249,876,293,67.02
100,18,1259,195,1346,247,80.44
100,19,925,211,980,258,76.94
101,0,936,369,1003,433,47.82
101,1,849,297,914,352,58.69
101,2,704,385,792,447,49.54
101,3,998,317,1074,367,56.09
101,4,757,285,823,337,63.16
101,5,1536,346,1626,407,57.25
101,6,1156,353,1238,411,51.23
101,7,1274,350,1363,415,53.98
101,8,1108,211,1147,258,75.89
101,9,753,222,812,267,75.29
101,10,1416,318,1485,381,56.88
101,11,945,262,996,322,63.18
101,12,938,213,992,258,78.27
101,13,1169,245,1242,296,68.26
101,14,824,250,887,296,67.17
101,15,1016,229,1081,275,71.49
101,16,1496,267,1567,323,68.33
101,17,1042,266,1097,318,63.79
101,18,832,221,892,261,76.95
101,19,1269,197,1361,253,79.43
102,0,968,366,1036,431,46.65
102,1,781,214,843,261,76.21
102,2,1582,350,1671,411,57.04
102,3,1312,352,1403,414,53.71
102,4,789,279,855,332,62.32
102,5,1140,206,1180,255,75.63
102,6,1030,312,1107,366,55.77
102,7,877,291,945,347,58.51
102,8,1458,319,1527,386,56.62
102,9,731,378,822,442,49.22
102,10,1189,353,1277,412,51.12
102,11,1540,268,1613,325,68.09
102,12,1079,262,1128,313,62.87
102,13,976,258,1027,319,62.64
102,14,1204,246,1278,295,67.08
102,15,854,244,918,291,66.42
102,16,1049,224,1111,271,71.12
102,17,968,209,1023,253,75.49
102,18,863,214,920,253,77.66
102,19,1308,194,1401,248,79.65
103,0,1016,375,1084,442,46.53
103,1,832,221,893,266,74.09
103,2,837,285,904,340,61.53
103,3,924,299,996,358,57.52
103,4,1647,372,1761,437,56.62
103,5,1260,251,1332,305,68.37
103,6,1079,324,1158,375,55.09
103,7,1016,218,1075,262,74.52
103,8,1025,267,1080,326,61.98
103,9,1237,368,1339,428,50.38
103,10,778,386,874,448,48.3
103,11,1097,233,1166,280,70.14
103,12,1513,339,1595,403,56.05
103,13,1125,273,1180,324,62.83
103,14,903,250,967,298,65.75
103,15,1193,218,1234,265,74.42
103,16,1605,286,1678,342,67.37
103,17,915,222,972,263,75.92
103,18,1362,369,1463,435,53.11
103,19,1360,207,1459,264,78.85
104,0,1089,328,1165,380,55.28
104,1,844,290,911,343,61.62
104,2,1020,381,1094,447,46.8
104,3,841,224,899,271,75.45
104,4,1036,272,1086,331,61.88
104,5,936,304,1001,361,57.57
104,6,1658,377,1768,441,56.32
104,7,1524,342,1604,407,57.24
104,8,1268,259,1339,312,67.96
104,9,1246,372,1342,431,50.67
104,10,1027,222,1084,266,75.46
104,11,1108,237,1173,286,70.09
104,12,1201,223,1240,270,74.79
104,13,910,255,974,302,65.84
104,14,1136,277,1187,329,62.58
104,15,924,225,981,266,76.57
104,16,1370,376,1472,439,52.84
104,17,1369,208,1472,267,79.92
104,18,1617,291,1687,345,67.62
104,19,788,393,879,453,47.84
105,0,1035,394,1105,458,46.17
105,1,855,303,922,357,61.26
105,2,946,316,1014,372,57.28
105,3,854,236,910,281,75.2
105,4,1536,349,1619,417,56.89
105,5,922,265,986,312,65.83
105,6,1280,269,1354,320,67.12
105,7,1100,335,1179,394,54.84
105,8,1262,386,1360,440,50.82
105,9,1674,382,1781,448,55.79
105,10,1215,230,1254,277,74.66
105,11,1382,384,1487,445,53.9
105,12,1637,296,1708,351,67.6
105,13,1119,247,1183,294,70.62
105,14,1049,281,1095,341,61.74
105,15,1149,286,1199,338,61.91
105,16,1038,231,1093,273,74.36
105,17,798,405,893,468,47.65
105,18,1383,215,1482,273,79.43
105,19,932,235,990,278,74.39
106,0,1019,405,1090,472,45.47
106,1,838,247,896,294,74.44
106,2,930,326,998,384,56.89
106,3,839,315,910,370,60.01
106,4,1081,347,1168,404,53.94
106,5,1022,238,1082,283,74.53
106,6,1030,290,1083,349,61.68
106,7,1134,293,1187,346,61.74
106,8,1522,348,1610,420,56.57
106,9,1245,390,1341,447,49.0
106,10,1265,272,1342,324,67.08
106,11,1108,252,1170,300,69.57
106,12,1367,389,1475,451,51.82
106,13,1373,214,1474,275,78.59
106,14,1201,234,1241,282,74.76
106,15,1663,385,1771,449,54.66
106,16,905,276,971,323,65.23
106,17,781,421,875,485,47.67
106,18,919,246,978,288,74.54
106,19,1625,296,1697,351,66.15
107,0,973,425,1044,490,43.5
107,1,735,445,825,511,45.75
107,2,1039,361,1120,415,52.35
107,3,788,262,852,310,73.04
107,4,1157,240,1197,290,73.08
107,5,793,332,861,388,59.67
107,6,881,342,955,402,55.7
107,7,977,248,1037,296,71.9
107,8,1206,403,1297,458,47.21
107,9,1061,263,1127,310,67.99
107,10,1618,385,1728,449,53.42
107,11,1224,277,1299,332,65.29
107,12,858,291,927,339,64.49
107,13,986,301,1037,366,60.01
107,14,1331,397,1431,459,50.04
107,15,1484,349,1563,420,54.97
107,16,871,258,930,300,72.52
107,17,1091,304,1141,356,59.36
107,18,1330,216,1430,278,76.38
107,19,1578,294,1649,354,64.55
108,0,928,435,1002,503,42.49
108,1,741,345,811,399,58.26
108,2,838,354,905,414,54.17
108,3,1289,399,1389,461,48.9
108,4,997,369,1076,423,51.19
108,5,1014,268,1083,315,66.03
108,6,1576,380,1677,443,52.21
108,7,1111,242,1151,291,71.36
108,8,1180,277,1257,334,64.12
108,9,1160,408,1257,465,45.71
108,10,737,271,803,321,72.57
108,11,1437,346,1519,418,53.58
108,12,942,309,991,372,58.26
108,13,931,254,989,298,70.86
108,14,1043,309,1097,363,57.87
108,15,810,301,877,347,62.65
108,16,680,463,776,531,45.01
108,17,1282,214,1376,276,75.37
108,18,820,267,882,311,70.26
108,19,1530,289,1604,348,63.34
109,0,893,436,968,502,40.94
109,1,1259,393,1355,456,48.05
109,2,799,350,867,412,53.21
109,3,1075,236,1115,286,70.12
109,4,1493,284,1560,338,62.58
109,5,699,344,772,399,56.98
109,6,692,268,761,316,69.43
109,7,960,366,1042,420,50.12
109,8,894,249,950,295,69.63
109,9,1537,374,1642,435,51.39
109,10,1148,271,1216,327,63.22
109,11,977,261,1045,309,63.86
109,12,1012,305,1057,358,57.12
109,13,905,305,953,369,57.96
109,14,1398,343,1481,415,51.5
109,15,767,298,840,344,62.16
109,16,778,263,844,307,69.44
109,17,1124,401,1224,463,45.15
109,18,1244,208,1335,268,74.73
109,19,634,465,742,533,43.78
110,0,874,434,950,502,40.5
110,1,776,347,846,411,52.72
110,2,676,340,750,395,56.55
110,3,669,262,737,311,70.06
110,4,1055,237,1095,287,69.63
110,5,943,366,1023,419,49.32
110,6,1520,377,1622,442,51.26
110,7,1116,403,1205,462,44.24
110,8,1132,276,1191,328,62.18
110,9,1391,348,1462,417,51.01
110,10,886,302,931,366,57.12
110,11,872,246,931,293,69.35
110,12,1242,398,1338,460,47.14
110,13,993,304,1040,358,57.0
110,14,961,260,1024,308,63.54
110,15,747,292,817,342,61.37
110,16,756,258,820,304,69.9
110,17,1241,215,1315,272,72.31
110,18,1471,289,1536,344,62.19
110,19,609,461,720,533,43.43
111,0,874,437,949,506,40.23
111,1,771,348,846,412,52.5
111,2,673,338,747,395,55.77
111,3,665,260,731,313,68.2
111,4,1516,393,1612,457,51.18
111,5,1113,414,1207,469,43.79
111,6,1387,363,1460,430,51.1
111,7,885,306,930,370,56.59
111,8,943,369,1021,425,49.07
111,9,956,264,1022,315,63.9
111,10,1051,242,1091,293,69.67
111,11,990,308,1040,362,56.51
111,12,1126,285,1190,337,61.37
111,13,1238,407,1337,469,47.15
111,14,870,250,927,296,67.76
111,15,744,292,815,343,60.86
111,16,752,257,817,304,69.3
111,17,1467,303,1535,360,61.94
111,18,610,459,717,532,42.24
111,19,1227,221,1313,281,74.1
112,0,869,463,942,535,40.38
112,1,611,488,707,560,42.35
112,2,663,291,725,339,68.81
112,3,879,335,923,396,56.3
112,4,766,375,838,439,52.49
112,5,667,367,740,423,55.57
112,6,932,394,1014,454,49.51
112,7,1119,312,1182,365,61.62
112,8,1044,272,1083,321,69.62
112,9,1376,389,1446,459,51.37
112,10,982,337,1033,391,56.92
112,11,1106,437,1198,498,44.87
112,12,949,294,1014,343,64.28
112,13,740,321,808,370,60.58
112,14,747,285,811,333,70.58
112,15,1451,330,1518,388,62.48
112,16,864,280,919,323,68.41
112,17,1504,420,1600,485,51.51
112,18,1230,433,1326,498,47.95
112,19,1222,254,1301,311,72.96
113,0,864,498,940,568,40.65
113,1,659,325,723,374,67.44
113,2,874,370,921,433,56.46
113,3,663,401,739,459,55.34
113,4,763,411,839,476,52.16
113,5,606,523,705,593,41.76
113,7,925,430,1013,491,49.6
113,8,859,314,916,360,68.83
113,9,736,356,806,407,60.97
113,10,1112,349,1175,400,61.56
113,11,1037,307,1078,359,69.42
113,12,1444,371,1508,426,61.74
113,13,1367,425,1436,495,51.21
113,14,976,372,1026,427,56.69
113,15,943,330,1011,379,63.07
113,16,745,322,809,369,67.64
113,17,1095,476,1193,536,44.5
113,18,1216,292,1290,348,72.97
113,19,1228,471,1319,533,47.48
114,0,868,515,942,585,40.51
114,1,609,539,708,610,42.12
114,2,1447,386,1509,442,62.59
114,3,1497,474,1582,539,52.29
114,4,764,428,839,490,52.5
114,5,662,339,725,390,70.34
114,6,932,448,1013,506,49.63
114,7,876,388,924,450,56.36
114,8,668,418,741,475,55.39
114,9,1365,442,1438,511,51.49
114,10,1109,368,1183,420,62.04
114,11,979,389,1032,443,57.16
114,12,946,346,1013,395,63.88
114,13,1039,326,1079,376,69.32
114,14,863,331,918,376,68.87
114,15,738,373,806,421,60.66
114,16,1099,490,1193,551,45.06
114,17,1214,310,1288,364,72.58
114,18,748,339,810,384,70.05
114,19,1230,486,1321,550,48.73
115,0,878,543,952,612,40.44
115,1,678,442,751,499,55.3
115,2,774,453,851,517,52.49
115,3,941,474,1026,531,49.9
115,4,886,413,936,475,56.12
115,5,669,365,737,415,69.47
115,6,1509,508,1608,572,52.01
115,7,871,357,926,403,69.57
115,8,1049,353,1089,401,69.99
115,9,750,399,820,446,60.78
115,10,1110,520,1214,582,45.28
115,11,955,374,1023,422,64.34
115,12,989,418,1040,469,56.38
115,13,614,564,725,636,42.32
115,14,1119,393,1189,444,62.38
115,15,1380,473,1456,544,51.82
115,16,758,366,822,407,68.27
115,17,1232,516,1335,584,47.74
115,18,1215,335,1306,391,74.45
115,19,1454,418,1522,476,62.34
116,0,900,546,973,614,39.94
116,1,800,456,869,515,51.66
116,2,909,416,951,475,55.94
116,3,696,444,771,498,54.33
116,4,1542,514,1640,579,51.9
116,5,962,477,1046,534,49.3
116,6,1071,357,1112,402,68.86
116,7,691,366,756,414,68.63
116,8,770,400,837,447,60.05
116,9,1133,524,1236,584,44.65
116,10,1013,420,1059,472,56.37
116,11,892,358,948,403,67.12
116,12,976,375,1043,422,63.73
116,13,1487,422,1554,479,62.32
116,14,1403,483,1483,551,50.89
116,15,1146,397,1213,448,61.86
116,16,1263,524,1367,586,47.55
116,17,780,365,842,408,68.39
116,18,1242,337,1329,394,74.35
116,19,621,566,747,637,41.11
117,0,916,520,993,594,38.76
117,1,650,540,755,611,40.1
117,2,709,337,775,389,67.66
117,3,810,428,890,492,50.84
117,4,983,452,1068,512,48.04
117,5,926,390,976,453,54.95
117,6,715,415,789,476,53.61
117,7,1580,494,1679,565,50.55
117,8,1093,330,1137,380,66.92
117,9,1031,393,1090,448,54.99
117,10,998,348,1067,398,62.35
117,11,1157,506,1262,565,42.65
117,12,1164,374,1244,428,60.15
117,13,1444,460,1523,531,50.22
117,14,785,372,856,422,58.68
117,15,913,332,970,378,67.26
117,16,1291,502,1397,565,45.76
117,17,799,337,861,384,68.36
117,18,1522,401,1596,462,60.8
117,19,1267,315,1364,376,72.46
118,0,934,477,1015,553,36.65
118,1,726,367,805,430,51.65
118,2,722,287,789,340,64.69
118,3,825,381,906,447,48.68
118,4,1625,450,1740,522,50.08
118,5,1119,279,1162,331,65.28
118,6,925,281,991,331,66.15
118,7,999,409,1091,467,45.78
118,8,1051,346,1113,401,53.87
118,9,1193,323,1277,380,58.78
118,10,942,341,997,409,52.91
118,11,1017,300,1091,348,60.33
118,12,801,324,874,373,56.89
118,13,660,497,771,570,37.65
118,14,1318,459,1439,525,43.58
118,15,1179,460,1298,523,41.33
118,16,807,287,878,335,66.03
118,17,1564,355,1641,413,59.43
118,18,1472,416,1569,487,48.21
118,19,1303,267,1398,323,70.29
119,0,938,469,1018,543,35.46
119,1,727,352,804,413,51.06
119,2,830,369,906,433,47.29
119,3,951,324,996,389,51.87
119,4,1582,339,1656,399,58.67
119,5,804,306,876,357,56.46
119,6,718,268,790,321,65.21
119,7,1491,405,1578,477,47.51
119,8,1202,303,1285,363,57.67
119,9,1329,450,1449,517,41.91
119,10,1004,394,1095,453,44.9
119,11,655,486,774,561,36.62
119,12,932,261,995,310,64.2
119,13,1124,260,1170,313,64.61
119,14,1637,443,1765,518,48.07
119,15,1062,330,1115,386,52.23
119,16,1023,280,1098,333,59.54
119,17,1188,448,1308,515,39.83
119,18,811,268,881,318,63.18
119,19,1303,239,1410,306,69.85
120,0,751,334,833,396,49.35
120,1,966,460,1052,538,33.89
120,2,750,248,817,299,63.31
120,3,832,288,905,339,54.64
120,4,860,353,940,419,46.0
120,5,1094,316,1151,372,50.86
120,6,1058,264,1131,317,57.94
120,7,1536,402,1633,477,47.31
120,8,1043,383,1134,444,43.55
120,9,980,307,1030,376,50.68
120,10,1695,447,1823,528,47.23
120,11,1632,334,1714,400,57.45
120,12,965,244,1027,292,62.75
120,13,841,248,908,299,62.73
120,14,1374,450,1497,516,40.81
120,15,1161,242,1208,296,64.2
120,16,1241,295,1325,351,56.14
120,17,1225,445,1349,512,39.08
120,18,678,474,803,550,35.53
120,19,1349,227,1452,293,68.53
121,0,987,462,1073,542,33.62
121,1,771,336,850,398,48.94
121,2,875,354,956,420,45.33
121,3,699,477,821,553,35.1
121,4,1115,318,1170,377,50.02
121,5,1729,451,1869,535,47.41
121,6,1000,310,1049,377,49.28
121,7,850,288,923,340,54.2
121,8,765,247,834,298,63.19
121,9,1075,265,1150,318,57.77
121,10,1572,408,1664,485,46.65
121,11,1659,336,1743,404,57.62
121,12,981,244,1044,293,62.36
121,13,1058,386,1152,446,43.09
121,14,855,248,925,298,62.6
121,15,1265,295,1344,355,55.78
121,16,1251,450,1378,516,38.79
121,17,1179,244,1228,297,63.39
121,18,1397,453,1525,523,41.32
121,19,1371,227,1476,296,68.91
122,0,1014,479,1102,562,33.46
122,1,798,349,880,413,47.63
122,2,792,259,864,314,62.19
122,3,1774,475,1917,565,46.32
122,4,899,369,983,438,44.7
122,5,1029,324,1077,390,49.55
122,6,1210,258,1260,312,61.89
122,7,1706,360,1794,422,56.58
122,8,1088,401,1183,467,42.56
122,9,1293,306,1382,372,55.77
122,10,877,301,952,354,53.72
122,11,1601,429,1718,506,46.73
122,12,1143,330,1202,391,49.95
122,13,1012,257,1074,307,60.56
122,14,1274,468,1413,542,38.11
122,15,1103,279,1181,333,56.28
122,16,883,263,955,312,60.78
122,17,728,493,849,570,34.32
122,18,1433,474,1568,546,40.66
122,19,1402,244,1518,313,67.46
123,0,1034,500,1119,584,32.91
123,1,922,388,1000,457,44.41
123,2,818,369,895,431,47.76
123,3,1047,344,1095,413,48.5
123,4,1807,497,1919,591,45.44
123,5,1731,379,1816,445,56.81
123,6,1626,453,1731,526,46.38
123,7,895,320,967,373,53.52
123,8,1229,278,1276,330,61.86
123,9,1163,352,1221,412,48.97
123,10,813,278,879,331,61.24
123,11,1104,423,1199,486,41.97
123,12,1307,491,1430,560,37.65
123,13,1126,300,1199,351,56.4
123,14,1317,331,1399,391,55.02
123,15,900,278,973,331,61.9
123,16,1030,277,1092,326,61.59
123,17,744,512,861,589,34.08
123,18,1461,498,1589,569,40.28
123,19,1424,265,1534,331,68.03
124,0,1041,512,1128,594,32.6
124,1,903,332,974,384,53.2
124,2,820,288,886,340,61.38
124,3,823,378,902,442,47.89
124,4,928,399,1006,466,44.33
124,5,1168,364,1227,423,49.29
124,6,1054,354,1101,421,48.4
124,7,1237,288,1284,341,62.7
124,8,1129,306,1203,363,57.67
124,9,1644,464,1743,541,46.37
124,10,1112,434,1213,496,42.15
124,11,910,291,978,342,60.42
124,12,1037,287,1098,337,60.64
124,13,1322,342,1411,402,55.24
124,14,1818,513,1920,604,45.43
124,15,1740,391,1825,456,56.7
124,16,753,524,870,601,33.94
124,17,1306,501,1449,574,38.65
124,18,1465,510,1607,583,40.33
124,19,1453,281,1536,341,67.0
125,0,1051,524,1134,604,31.8
125,1,940,407,1017,475,44.15
125,2,1062,364,1111,431,48.46
125,3,830,387,909,448,47.86
125,4,827,296,893,347,61.14
125,5,1139,319,1213,371,56.7
125,6,1662,476,1762,552,46.09
125,7,910,339,981,389,53.23
125,8,1247,298,1294,350,62.77
125,9,1179,373,1234,434,49.14
125,10,919,302,985,349,59.45
125,11,1755,402,1849,467,56.88
125,12,1121,443,1221,504,41.99
125,13,1337,352,1421,413,54.5
125,14,1309,512,1459,588,37.43
125,15,1046,297,1106,344,59.63
125,16,755,535,873,608,33.51
125,17,1836,525,1919,615,45.61
125,18,1453,288,1553,353,66.98
126,0,1049,522,1134,604,31.86
126,1,827,383,908,445,47.31
126,2,937,405,1018,472,43.71
126,3,1062,361,1112,427,49.04
126,4,826,293,893,344,61.16
126,5,909,336,982,388,52.83
126,6,1180,370,1236,430,48.92
126,7,1139,316,1215,369,55.49
126,8,1119,439,1222,503,41.75
126,9,1664,474,1770,549,46.29
126,10,917,296,988,346,59.89
126,11,1761,401,1855,467,56.66
126,12,1312,508,1461,587,37.29
126,13,1248,294,1297,347,61.65
126,14,1337,349,1423,411,54.43
126,15,751,532,875,608,32.98
126,16,1045,293,1108,340,60.5
126,17,1842,522,1920,611,45.55
126,18,1461,286,1555,349,66.99
126,19,1477,521,1647,593,39.42
127,0,1033,520,1127,606,30.8
127,1,922,401,1003,469,42.56
127,2,896,331,969,383,51.89
127,3,811,285,879,339,60.0
127,4,1050,355,1099,422,46.87
127,5,1661,469,1759,546,45.06
127,6,813,380,893,444,46.15
127,7,1130,306,1204,360,56.43
127,8,1168,364,1228,425,47.8
127,9,1238,285,1286,338,61.25
127,10,1109,437,1210,498,40.58
127,11,736,533,864,610,31.82
127,12,1328,343,1415,403,53.37
127,13,1754,395,1846,457,55.71
127,14,904,288,973,340,58.38
127,15,1307,507,1459,585,37.21
127,16,1032,284,1095,334,58.97
127,17,1838,519,1920,606,44.74
127,18,1473,518,1619,590,38.58
127,19,1453,278,1549,339,65.16
128,0,913,401,997,472,41.66
128,1,802,379,886,444,45.33
128,2,802,283,870,336,59.22
128,3,1030,524,1130,612,29.72
128,4,1164,364,1224,424,46.29
128,5,1044,354,1095,422,46.13
128,6,887,329,961,381,50.73
128,7,1234,283,1283,336,58.49
128,8,1755,393,1849,458,55.29
128,9,1122,304,1200,357,54.06
128,10,1659,471,1764,549,44.25
128,11,894,284,965,339,57.71
128,12,1106,437,1208,500,39.55
128,13,1322,339,1416,402,52.85
128,14,1844,520,1920,612,43.96
128,15,1306,508,1458,588,36.75
128,16,1027,282,1090,331,58.06
128,17,726,536,854,617,31.23
128,18,1468,522,1638,595,37.72
128,19,1450,277,1549,339,63.66
129,0,1024,526,1120,613,28.61
129,1,905,401,990,473,40.67
129,2,875,327,952,380,49.66
129,3,1035,352,1088,421,45.19
129,4,1660,472,1762,549,43.49
129,5,789,378,877,445,43.96
129,6,1227,280,1276,334,58.48
129,7,1751,392,1851,456,54.8
129,8,1156,361,1219,423,46.54
129,9,1098,438,1199,500,38.39
129,10,787,281,858,335,56.72
129,11,1318,337,1415,400,51.87
129,12,1115,303,1193,356,53.29
129,13,1017,279,1082,328,57.32
129,14,1307,511,1457,591,34.24
129,15,705,541,843,625,30.17
129,16,1841,522,1919,615,43.18
129,17,882,281,956,336,56.09
129,18,1466,522,1626,596,36.72
129,19,1424,269,1546,333,64.65
130,0,1016,523,1115,612,27.99
130,1,1750,387,1840,449,53.96
130,2,1659,467,1758,544,43.04
130,3,895,397,981,467,39.76
130,4,1027,346,1081,417,44.58
130,5,776,271,848,327,57.42
130,6,782,374,871,442,43.33
130,7,1153,355,1215,416,45.71
130,8,1222,271,1270,326,58.67
130,9,867,321,944,374,49.0
130,10,1108,297,1189,349,52.89
130,11,1094,434,1195,497,37.65
130,12,699,538,838,624,29.87
130,13,874,275,948,328,55.7
130,14,1842,519,1919,606,42.72
130,15,1312,332,1400,396,50.89
130,16,1304,508,1455,587,34.54
130,17,1439,265,1539,325,63.59
130,18,1008,269,1077,321,56.91
130,19,1472,517,1619,593,35.95
131,0,896,395,982,464,39.24
131,1,779,370,868,438,43.17
131,2,1026,343,1082,415,43.96
131,3,1662,467,1762,544,42.98
131,4,1016,521,1117,611,28.0
131,5,1755,382,1843,448,54.24
131,6,774,266,849,322,56.43
131,7,866,315,943,369,49.3
131,8,873,271,948,323,55.04
131,9,1108,292,1189,346,52.9
131,10,1153,351,1216,413,45.18
131,11,1220,267,1272,322,58.72
131,12,1095,431,1195,494,37.48
131,13,1847,519,1919,604,42.49
131,14,1314,329,1406,391,50.91
131,15,1300,505,1459,586,34.27
131,16,698,536,837,623,29.15
131,17,1441,261,1540,323,63.48
131,18,1009,263,1075,317,57.15
131,19,1469,516,1631,593,36.09
132,0,1035,339,1087,411,43.89
132,1,785,366,874,433,42.66
132,2,899,391,986,463,38.92
132,3,775,259,854,317,56.16
132,4,872,311,947,365,48.57
132,5,1020,522,1127,614,27.45
132,6,1103,428,1201,494,37.13
132,7,880,263,951,319,54.89
132,8,1116,287,1195,342,51.94
132,9,1671,468,1776,547,42.93
132,10,1765,387,1867,452,53.1
132,11,1159,349,1221,411,44.58
132,12,1322,327,1415,391,49.99
132,13,1308,507,1464,589,33.88
132,14,1227,261,1279,319,57.9
132,15,1013,259,1080,312,56.25
132,16,698,536,843,622,28.58
132,17,1863,520,1919,610,42.4
132,18,1475,520,1653,597,35.64
132,19,1456,257,1549,320,62.9
133,0,1039,339,1092,412,43.63
133,1,781,259,856,316,55.26
133,2,786,366,878,434,42.27
133,3,906,392,990,464,38.41
133,4,1027,526,1128,616,26.81
133,5,875,311,952,365,48.13
133,6,883,263,956,319,53.26
133,7,1234,262,1284,319,57.32
133,8,1773,388,1871,455,53.36
133,9,1122,287,1200,343,51.88
133,10,1165,349,1226,413,44.0
133,11,1676,472,1785,551,42.85
133,12,1109,431,1208,496,36.59
133,13,1016,259,1084,313,55.18
133,14,1318,511,1463,591,33.43
133,15,699,538,842,626,27.96
133,16,1330,328,1422,391,49.69
133,17,1876,522,1919,610,42.94
133,18,1484,524,1656,599,35.77
133,19,1464,259,1556,319,62.79
134,0,1044,340,1095,413,42.7
134,1,910,394,995,466,37.84
134,2,789,367,880,436,42.03
134,3,1032,530,1133,620,26.67
134,4,782,259,861,317,55.4
134,5,887,265,960,319,53.83
134,6,878,311,956,367,47.95
134,7,1240,262,1288,321,56.68
134,8,1111,433,1216,500,36.49
134,9,1126,288,1203,343,51.33
134,10,1167,351,1231,415,43.58
134,11,1671,473,1801,560,42.74
134,12,1335,330,1425,393,49.25
134,13,1326,513,1477,594,33.59
134,14,702,542,847,628,27.63
134,15,1783,389,1884,457,52.74
134,16,1021,259,1091,314,55.66
134,17,1466,261,1570,321,62.03
134,18,1884,527,1919,621,43.41
134,19,1496,527,1661,604,35.74
135,0,1022,334,1076,410,41.26
135,1,853,307,932,364,46.12
135,2,882,392,972,467,36.71
135,3,863,258,936,314,51.57
135,4,761,367,856,438,40.26
135,5,1006,533,1115,629,24.62
135,6,1152,343,1216,408,42.47
135,7,754,255,835,313,54.18
135,8,1103,278,1190,335,48.59
135,9,1096,430,1193,496,34.58
135,10,1223,249,1277,308,55.73
135,11,1320,318,1417,383,47.54
135,12,665,555,830,647,26.2
135,13,1310,509,1468,596,31.36
135,14,1778,375,1879,439,51.3
135,15,1656,461,1796,547,41.01
135,16,1451,240,1555,307,60.3
135,17,1002,251,1071,304,53.16
135,18,1480,519,1662,599,33.64
135,19,1880,507,1920,611,42.46
136,0,1003,331,1059,408,39.37
136,1,830,303,916,361,44.68
136,2,862,389,956,467,35.01
136,3,990,536,1099,632,23.56
136,4,736,365,837,437,39.14
136,5,1769,370,1871,438,50.23
136,6,842,251,918,310,50.62
136,7,732,248,815,311,52.84
136,8,1090,272,1176,330,47.69
136,9,1136,337,1206,406,41.26
136,10,1081,428,1179,497,33.33
136,11,1668,462,1781,545,39.98
136,12,635,559,806,650,24.92
136,13,1308,313,1400,377,46.21
136,14,1207,241,1262,302,54.4
136,15,1300,510,1460,595,30.64
136,16,1438,235,1542,301,58.81
136,17,1469,520,1655,600,32.67
136,18,1878,514,1919,607,40.75
136,19,978,243,1056,301,51.75
137,0,831,305,916,362,44.18
137,1,865,391,957,469,35.04
137,2,1004,332,1061,410,39.46
137,3,843,252,918,311,50.83
137,4,737,366,836,437,38.44
137,5,732,248,813,311,52.39
137,6,1083,432,1181,501,32.84
137,7,993,539,1105,638,22.93
137,8,1769,377,1872,444,50.17
137,9,1138,341,1208,410,40.68
137,10,1209,245,1262,305,53.49
137,11,1090,274,1173,332,47.11
137,12,1310,317,1402,382,45.77
137,13,1667,468,1788,552,39.95
137,14,1303,516,1463,600,29.99
137,15,1436,238,1546,305,58.82
137,16,643,562,803,654,24.42
137,17,980,244,1057,303,51.43
137,18,1476,526,1649,610,32.36
137,19,1880,516,1919,625,40.8
138,0,868,411,958,487,34.81
138,1,1008,354,1065,429,39.45
138,2,1141,362,1206,429,40.2
138,3,846,272,920,331,50.39
138,4,1000,562,1106,658,22.44
138,5,834,324,919,382,44.18
138,6,735,387,839,461,38.44
138,7,1086,451,1185,522,32.64
138,8,738,268,817,330,52.68
138,9,1770,393,1876,464,50.29
138,10,1093,296,1179,352,47.78
138,11,1213,261,1265,324,55.04
138,12,1652,483,1801,574,40.12
138,13,1312,335,1406,402,45.88
138,14,1303,535,1470,621,30.24
138,15,985,264,1055,321,52.02
138,16,654,584,798,675,24.35
138,17,1474,544,1652,628,31.87
138,18,1882,540,1920,639,40.74
138,19,1440,258,1548,323,59.09
139,0,860,433,950,509,35.07
139,1,1000,375,1052,450,39.72
139,2,989,578,1093,678,23.01
139,3,734,410,832,482,39.02
139,4,732,296,808,355,52.25
139,5,828,348,910,406,44.57
139,6,1299,355,1385,424,46.15
139,7,837,295,912,355,51.15
139,8,1653,499,1773,584,40.01
139,9,1127,379,1197,451,41.2
139,10,1200,285,1252,347,54.32
139,11,1082,316,1165,373,48.16
139,12,1073,473,1173,542,32.76
139,13,1298,551,1453,638,30.33
139,14,1744,405,1851,478,50.5
139,15,1470,559,1647,643,32.57
139,16,644,606,797,696,24.68
139,17,1861,552,1919,650,40.32
139,18,977,287,1045,345,52.08
140,0,855,456,941,530,35.49
140,1,991,396,1044,470,39.95
140,2,727,435,823,505,39.65
140,3,724,319,801,380,53.28
140,4,1120,403,1182,467,41.27
140,5,1189,307,1239,364,54.68
140,6,831,321,903,378,51.69
140,7,1073,338,1152,393,48.44
140,8,974,599,1101,694,23.45
140,9,1065,491,1168,557,33.9
140,10,819,373,903,430,45.16
140,11,647,629,792,718,25.66
140,12,1636,508,1758,596,40.4
140,13,1284,565,1437,647,30.78
140,14,1283,373,1374,440,46.32
140,15,970,310,1036,365,52.52
140,16,1837,560,1920,658,40.39
140,17,1727,421,1833,489,50.37
140,18,1455,572,1622,653,33.26
140,19,1405,289,1519,362,59.87
141,0,992,404,1045,478,40.65
141,1,857,464,943,538,36.27
141,2,822,381,906,437,45.72
141,3,1116,410,1184,474,41.93
141,4,1188,312,1237,372,55.11
141,5,728,329,803,390,53.08
141,6,733,442,829,512,40.16
141,7,972,604,1106,700,24.27
141,8,832,330,906,389,51.7
141,9,1063,497,1172,564,34.42
141,10,1072,345,1157,400,48.66
141,11,1728,423,1827,490,50.88
141,12,1630,511,1757,599,40.82
141,13,1281,572,1439,654,30.95
141,14,1284,378,1372,443,46.91
141,15,649,635,794,725,26.21
141,16,1839,564,1919,659,40.74
141,17,970,320,1037,373,52.97
141,18,1409,298,1519,367,60.14
142,0,861,480,949,556,37.19
142,1,829,401,910,455,46.02
142,2,997,422,1049,495,41.46
142,3,739,461,836,528,40.81
142,4,734,351,810,410,53.72
142,5,984,617,1096,714,25.25
142,6,1068,514,1170,581,34.94
142,7,840,352,911,406,51.56
142,8,1077,363,1158,418,49.76
142,9,1118,426,1187,492,42.73
142,10,1635,527,1763,615,41.45
142,11,651,650,803,739,27.05
142,12,1188,332,1242,391,56.03
142,13,1727,438,1833,506,51.59
142,14,1284,394,1378,463,47.54
142,15,1282,587,1441,670,31.95
142,16,1834,577,1920,681,40.92
142,17,1460,591,1612,674,33.87
142,18,974,339,1041,395,53.26
142,19,1401,315,1524,389,59.89
